,destination,come_from,total,year,month
1704,A Coruña,Spain,501311,2022,Aug
1705,A Coruña,Spain,395273,2022,Jul
1706,A Coruña,Spain,237193,2022,Jun
1707,A Coruña,Spain,213272,2022,May
1708,A Coruña,Spain,218801,2022,Apr
1709,A Coruña,Spain,154593,2022,Mar
1710,A Coruña,Spain,128646,2022,Feb
1711,A Coruña,Spain,90939,2022,Jan
1712,A Coruña,Spain,145928,2021,Dec
1713,A Coruña,Spain,167841,2021,Nov
1714,A Coruña,Spain,244700,2021,Oct
1715,A Coruña,Spain,309445,2021,Sep
1716,A Coruña,Spain,510744,2021,Aug
1717,A Coruña,Spain,360406,2021,Jul
1718,A Coruña,Spain,176101,2021,Jun
1719,A Coruña,Spain,99685,2021,May
1720,A Coruña,Spain,75244,2021,Apr
1721,A Coruña,Spain,70103,2021,Mar
1722,A Coruña,Spain,40665,2021,Feb
1723,A Coruña,Spain,45653,2021,Jan
1724,A Coruña,Spain,52413,2020,Dec
1725,A Coruña,Spain,50983,2020,Nov
1726,A Coruña,Spain,99197,2020,Oct
1727,A Coruña,Spain,127287,2020,Sep
1728,A Coruña,Spain,282290,2020,Aug
1729,A Coruña,Spain,196948,2020,Jul
1730,A Coruña,Spain,32393,2020,Jun
1731,A Coruña,Spain,5158,2020,May
1732,A Coruña,Spain,0,2020,Apr
1733,A Coruña,Spain,57765,2020,Mar
1734,A Coruña,Spain,145266,2020,Feb
1735,A Coruña,Spain,129023,2020,Jan
1736,A Coruña,Spain,148719,2019,Dec
1737,A Coruña,Spain,161816,2019,Nov
1738,A Coruña,Spain,208173,2019,Oct
1739,A Coruña,Spain,241831,2019,Sep
1740,A Coruña,Spain,438877,2019,Aug
1741,A Coruña,Spain,341356,2019,Jul
1742,A Coruña,Spain,213115,2019,Jun
1743,A Coruña,Spain,205266,2019,May
1744,A Coruña,Spain,190217,2019,Apr
1745,A Coruña,Spain,145861,2019,Mar
1746,A Coruña,Spain,125958,2019,Feb
1747,A Coruña,Spain,111602,2019,Jan
1748,A Coruña,Spain,145967,2018,Dec
1749,A Coruña,Spain,159435,2018,Nov
1750,A Coruña,Spain,198879,2018,Oct
1751,A Coruña,Spain,232065,2018,Sep
1752,A Coruña,Spain,409023,2018,Aug
1753,A Coruña,Spain,331941,2018,Jul
1754,A Coruña,Spain,197600,2018,Jun
1755,A Coruña,Spain,170188,2018,May
1756,A Coruña,Spain,168387,2018,Apr
1757,A Coruña,Spain,159821,2018,Mar
1758,A Coruña,Spain,117828,2018,Feb
1759,A Coruña,Spain,101197,2018,Jan
1760,A Coruña,Spain,136098,2017,Dec
1761,A Coruña,Spain,160019,2017,Nov
1762,A Coruña,Spain,200488,2017,Oct
1763,A Coruña,Spain,239832,2017,Sep
1764,A Coruña,Spain,453863,2017,Aug
1765,A Coruña,Spain,339292,2017,Jul
1766,A Coruña,Spain,212008,2017,Jun
1767,A Coruña,Spain,177134,2017,May
1768,A Coruña,Spain,210235,2017,Apr
1769,A Coruña,Spain,147822,2017,Mar
1770,A Coruña,Spain,114122,2017,Feb
1771,A Coruña,Spain,96859,2017,Jan
1772,A Coruña,Spain,125534,2016,Dec
1773,A Coruña,Spain,142776,2016,Nov
1774,A Coruña,Spain,209234,2016,Oct
1775,A Coruña,Spain,250818,2016,Sep
1776,A Coruña,Spain,451746,2016,Aug
1777,A Coruña,Spain,343670,2016,Jul
1778,A Coruña,Spain,193602,2016,Jun
1779,A Coruña,Spain,160710,2016,May
1780,A Coruña,Spain,139514,2016,Apr
1781,A Coruña,Spain,172705,2016,Mar
1782,A Coruña,Spain,128675,2016,Feb
1783,A Coruña,Spain,99339,2016,Jan
1784,A Coruña,Spain,129534,2015,Dec
1785,A Coruña,Spain,122523,2015,Nov
1786,A Coruña,Spain,187152,2015,Oct
1787,A Coruña,Spain,234351,2015,Sep
1788,A Coruña,Spain,419621,2015,Aug
1789,A Coruña,Spain,296794,2015,Jul
1790,A Coruña,Spain,199522,2015,Jun
1791,A Coruña,Spain,178678,2015,May
1792,A Coruña,Spain,176767,2015,Apr
1793,A Coruña,Spain,135598,2015,Mar
1794,A Coruña,Spain,106907,2015,Feb
1795,A Coruña,Spain,93272,2015,Jan
1796,A Coruña,Spain,119814,2014,Dec
1797,A Coruña,Spain,137021,2014,Nov
1798,A Coruña,Spain,183392,2014,Oct
1799,A Coruña,Spain,232319,2014,Sep
1800,A Coruña,Spain,406686,2014,Aug
1801,A Coruña,Spain,268312,2014,Jul
1802,A Coruña,Spain,180628,2014,Jun
1803,A Coruña,Spain,171427,2014,May
1804,A Coruña,Spain,159925,2014,Apr
1805,A Coruña,Spain,134327,2014,Mar
1806,A Coruña,Spain,117009,2014,Feb
1807,A Coruña,Spain,108556,2014,Jan
1808,A Coruña,Spain,129914,2013,Dec
1809,A Coruña,Spain,144059,2013,Nov
1810,A Coruña,Spain,161088,2013,Oct
1811,A Coruña,Spain,208764,2013,Sep
1812,A Coruña,Spain,387432,2013,Aug
1813,A Coruña,Spain,259814,2013,Jul
1814,A Coruña,Spain,162223,2013,Jun
1815,A Coruña,Spain,163745,2013,May
1816,A Coruña,Spain,132190,2013,Apr
1817,A Coruña,Spain,146663,2013,Mar
1818,A Coruña,Spain,109691,2013,Feb
1819,A Coruña,Spain,104000,2013,Jan
1820,A Coruña,Spain,119270,2012,Dec
1821,A Coruña,Spain,140525,2012,Nov
1822,A Coruña,Spain,182992,2012,Oct
1823,A Coruña,Spain,189680,2012,Sep
1824,A Coruña,Spain,364365,2012,Aug
1825,A Coruña,Spain,263602,2012,Jul
1826,A Coruña,Spain,176051,2012,Jun
1827,A Coruña,Spain,155081,2012,May
1828,A Coruña,Spain,171742,2012,Apr
1829,A Coruña,Spain,131297,2012,Mar
1830,A Coruña,Spain,111986,2012,Feb
1831,A Coruña,Spain,99942,2012,Jan
1832,A Coruña,Spain,124816,2011,Dec
1833,A Coruña,Spain,137240,2011,Nov
1834,A Coruña,Spain,183912,2011,Oct
1835,A Coruña,Spain,221877,2011,Sep
1836,A Coruña,Spain,361716,2011,Aug
1837,A Coruña,Spain,309756,2011,Jul
1838,A Coruña,Spain,194138,2011,Jun
1839,A Coruña,Spain,173952,2011,May
1840,A Coruña,Spain,194953,2011,Apr
1841,A Coruña,Spain,143382,2011,Mar
1842,A Coruña,Spain,120088,2011,Feb
1843,A Coruña,Spain,108304,2011,Jan
1844,A Coruña,Spain,166146,2010,Dec
1845,A Coruña,Spain,188966,2010,Nov
1846,A Coruña,Spain,255858,2010,Oct
1847,A Coruña,Spain,270400,2010,Sep
1848,A Coruña,Spain,419935,2010,Aug
1849,A Coruña,Spain,309879,2010,Jul
1850,A Coruña,Spain,251276,2010,Jun
1851,A Coruña,Spain,237096,2010,May
1852,A Coruña,Spain,229266,2010,Apr
1853,A Coruña,Spain,188106,2010,Mar
1854,A Coruña,Spain,149258,2010,Feb
1855,A Coruña,Spain,126595,2010,Jan
1856,A Coruña,Spain,152378,2009,Dec
1857,A Coruña,Spain,170175,2009,Nov
1858,A Coruña,Spain,226066,2009,Oct
1859,A Coruña,Spain,237883,2009,Sep
1860,A Coruña,Spain,424978,2009,Aug
1861,A Coruña,Spain,295376,2009,Jul
1862,A Coruña,Spain,215173,2009,Jun
1863,A Coruña,Spain,207314,2009,May
1864,A Coruña,Spain,203774,2009,Apr
1865,A Coruña,Spain,163868,2009,Mar
1866,A Coruña,Spain,150128,2009,Feb
1867,A Coruña,Spain,137726,2009,Jan
1868,A Coruña,Spain,142386,2008,Dec
1869,A Coruña,Spain,172829,2008,Nov
1870,A Coruña,Spain,220835,2008,Oct
1871,A Coruña,Spain,215759,2008,Sep
1872,A Coruña,Spain,379136,2008,Aug
1873,A Coruña,Spain,290624,2008,Jul
1874,A Coruña,Spain,218563,2008,Jun
1875,A Coruña,Spain,231571,2008,May
1876,A Coruña,Spain,188183,2008,Apr
1877,A Coruña,Spain,220240,2008,Mar
1878,A Coruña,Spain,166425,2008,Feb
1879,A Coruña,Spain,152490,2008,Jan
1880,A Coruña,Spain,161282,2007,Dec
1881,A Coruña,Spain,195787,2007,Nov
1882,A Coruña,Spain,241925,2007,Oct
1883,A Coruña,Spain,253104,2007,Sep
1884,A Coruña,Spain,429021,2007,Aug
1885,A Coruña,Spain,304781,2007,Jul
1886,A Coruña,Spain,217356,2007,Jun
1887,A Coruña,Spain,189390,2007,May
1888,A Coruña,Spain,218117,2007,Apr
1889,A Coruña,Spain,172409,2007,Mar
1890,A Coruña,Spain,135956,2007,Feb
1891,A Coruña,Spain,130671,2007,Jan
1892,A Coruña,Spain,150673,2006,Dec
1893,A Coruña,Spain,158866,2006,Nov
1894,A Coruña,Spain,221936,2006,Oct
1895,A Coruña,Spain,233227,2006,Sep
1896,A Coruña,Spain,410554,2006,Aug
1897,A Coruña,Spain,298662,2006,Jul
1898,A Coruña,Spain,211016,2006,Jun
1899,A Coruña,Spain,203741,2006,May
1900,A Coruña,Spain,229783,2006,Apr
1901,A Coruña,Spain,172816,2006,Mar
1902,A Coruña,Spain,140719,2006,Feb
1903,A Coruña,Spain,128073,2006,Jan
1904,A Coruña,Spain,158805,2005,Dec
1905,A Coruña,Spain,188300,2005,Nov
1906,A Coruña,Spain,204112,2005,Oct
1907,A Coruña,Spain,226897,2005,Sep
1908,A Coruña,Spain,421896,2005,Aug
1909,A Coruña,Spain,284126,2005,Jul
1910,A Coruña,Spain,218569,2005,Jun
1911,A Coruña,Spain,198860,2005,May
1912,A Coruña,Spain,180271,2005,Apr
1913,A Coruña,Spain,201607,2005,Mar
1914,A Coruña,Spain,134464,2005,Feb
1915,A Coruña,Spain,123843,2005,Jan
1916,A Coruña,Spain,179121,2004,Dec
1917,A Coruña,Spain,181055,2004,Nov
1918,A Coruña,Spain,243869,2004,Oct
1919,A Coruña,Spain,258832,2004,Sep
1920,A Coruña,Spain,412129,2004,Aug
1921,A Coruña,Spain,307169,2004,Jul
1922,A Coruña,Spain,235146,2004,Jun
1923,A Coruña,Spain,219191,2004,May
1924,A Coruña,Spain,220915,2004,Apr
1925,A Coruña,Spain,174184,2004,Mar
1926,A Coruña,Spain,154034,2004,Feb
1927,A Coruña,Spain,124529,2004,Jan
1928,A Coruña,Spain,135569,2003,Dec
1929,A Coruña,Spain,151745,2003,Nov
1930,A Coruña,Spain,185810,2003,Oct
1931,A Coruña,Spain,208826,2003,Sep
1932,A Coruña,Spain,342786,2003,Aug
1933,A Coruña,Spain,219065,2003,Jul
1934,A Coruña,Spain,177120,2003,Jun
1935,A Coruña,Spain,169718,2003,May
1936,A Coruña,Spain,160053,2003,Apr
1937,A Coruña,Spain,138179,2003,Mar
1938,A Coruña,Spain,112665,2003,Feb
1939,A Coruña,Spain,117734,2003,Jan
1940,A Coruña,Spain,131366,2002,Dec
1941,A Coruña,Spain,143130,2002,Nov
1942,A Coruña,Spain,169182,2002,Oct
1943,A Coruña,Spain,160296,2002,Sep
1944,A Coruña,Spain,358479,2002,Aug
1945,A Coruña,Spain,224776,2002,Jul
1946,A Coruña,Spain,162714,2002,Jun
1947,A Coruña,Spain,155161,2002,May
1948,A Coruña,Spain,140696,2002,Apr
1949,A Coruña,Spain,158613,2002,Mar
1950,A Coruña,Spain,112748,2002,Feb
1951,A Coruña,Spain,85098,2002,Jan
1952,A Coruña,Spain,115846,2001,Dec
1953,A Coruña,Spain,133086,2001,Nov
1954,A Coruña,Spain,164361,2001,Oct
1955,A Coruña,Spain,166099,2001,Sep
1956,A Coruña,Spain,347813,2001,Aug
1957,A Coruña,Spain,193967,2001,Jul
1958,A Coruña,Spain,159338,2001,Jun
1959,A Coruña,Spain,148981,2001,May
1960,A Coruña,Spain,155462,2001,Apr
1961,A Coruña,Spain,126981,2001,Mar
1962,A Coruña,Spain,107170,2001,Feb
1963,A Coruña,Spain,110996,2001,Jan
1964,A Coruña,Spain,117737,2000,Dec
1965,A Coruña,Spain,130385,2000,Nov
1966,A Coruña,Spain,178200,2000,Oct
1967,A Coruña,Spain,168198,2000,Sep
1968,A Coruña,Spain,345843,2000,Aug
1969,A Coruña,Spain,215861,2000,Jul
1970,A Coruña,Spain,173844,2000,Jun
1971,A Coruña,Spain,161431,2000,May
1972,A Coruña,Spain,167830,2000,Apr
1973,A Coruña,Spain,141373,2000,Mar
1974,A Coruña,Spain,128068,2000,Feb
1975,A Coruña,Spain,108421,2000,Jan
1976,A Coruña,Spain,144798,1999,Dec
1977,A Coruña,Spain,173162,1999,Nov
1978,A Coruña,Spain,303559,1999,Oct
1979,A Coruña,Spain,308768,1999,Sep
1980,A Coruña,Spain,431046,1999,Aug
1981,A Coruña,Spain,316653,1999,Jul
1982,A Coruña,Spain,230834,1999,Jun
1983,A Coruña,Spain,213767,1999,May
1984,A Coruña,Spain,202851,1999,Apr
1985,A Coruña,Spain,158252,1999,Mar
1986,A Coruña,Spain,119374,1999,Feb
1987,A Coruña,Spain,136496,1999,Jan
1988,A Coruña,Foreign,139489,2022,Aug
1989,A Coruña,Foreign,143438,2022,Jul
1990,A Coruña,Foreign,159756,2022,Jun
1991,A Coruña,Foreign,155749,2022,May
1992,A Coruña,Foreign,94201,2022,Apr
1993,A Coruña,Foreign,46128,2022,Mar
1994,A Coruña,Foreign,24863,2022,Feb
1995,A Coruña,Foreign,23188,2022,Jan
1996,A Coruña,Foreign,24545,2021,Dec
1997,A Coruña,Foreign,37108,2021,Nov
1998,A Coruña,Foreign,83545,2021,Oct
1999,A Coruña,Foreign,84700,2021,Sep
2000,A Coruña,Foreign,71344,2021,Aug
2001,A Coruña,Foreign,58287,2021,Jul
2002,A Coruña,Foreign,32456,2021,Jun
2003,A Coruña,Foreign,18374,2021,May
2004,A Coruña,Foreign,9881,2021,Apr
2005,A Coruña,Foreign,9096,2021,Mar
2006,A Coruña,Foreign,4888,2021,Feb
2007,A Coruña,Foreign,5595,2021,Jan
2008,A Coruña,Foreign,6815,2020,Dec
2009,A Coruña,Foreign,11497,2020,Nov
2010,A Coruña,Foreign,16836,2020,Oct
2011,A Coruña,Foreign,19476,2020,Sep
2012,A Coruña,Foreign,33433,2020,Aug
2013,A Coruña,Foreign,24363,2020,Jul
2014,A Coruña,Foreign,3420,2020,Jun
2015,A Coruña,Foreign,613,2020,May
2016,A Coruña,Foreign,0,2020,Apr
2017,A Coruña,Foreign,15579,2020,Mar
2018,A Coruña,Foreign,41169,2020,Feb
2019,A Coruña,Foreign,36880,2020,Jan
2020,A Coruña,Foreign,36632,2019,Dec
2021,A Coruña,Foreign,52586,2019,Nov
2022,A Coruña,Foreign,140896,2019,Oct
2023,A Coruña,Foreign,165066,2019,Sep
2024,A Coruña,Foreign,133955,2019,Aug
2025,A Coruña,Foreign,123413,2019,Jul
2026,A Coruña,Foreign,142808,2019,Jun
2027,A Coruña,Foreign,147322,2019,May
2028,A Coruña,Foreign,100613,2019,Apr
2029,A Coruña,Foreign,51573,2019,Mar
2030,A Coruña,Foreign,28865,2019,Feb
2031,A Coruña,Foreign,29721,2019,Jan
2032,A Coruña,Foreign,31601,2018,Dec
2033,A Coruña,Foreign,65839,2018,Nov
2034,A Coruña,Foreign,115452,2018,Oct
2035,A Coruña,Foreign,144598,2018,Sep
2036,A Coruña,Foreign,144713,2018,Aug
2037,A Coruña,Foreign,121399,2018,Jul
2038,A Coruña,Foreign,132645,2018,Jun
2039,A Coruña,Foreign,141556,2018,May
2040,A Coruña,Foreign,86374,2018,Apr
2041,A Coruña,Foreign,45396,2018,Mar
2042,A Coruña,Foreign,32514,2018,Feb
2043,A Coruña,Foreign,29889,2018,Jan
2044,A Coruña,Foreign,30322,2017,Dec
2045,A Coruña,Foreign,50694,2017,Nov
2046,A Coruña,Foreign,142353,2017,Oct
2047,A Coruña,Foreign,174028,2017,Sep
2048,A Coruña,Foreign,154663,2017,Aug
2049,A Coruña,Foreign,145103,2017,Jul
2050,A Coruña,Foreign,159379,2017,Jun
2051,A Coruña,Foreign,152162,2017,May
2052,A Coruña,Foreign,89561,2017,Apr
2053,A Coruña,Foreign,43496,2017,Mar
2054,A Coruña,Foreign,26963,2017,Feb
2055,A Coruña,Foreign,27928,2017,Jan
2056,A Coruña,Foreign,27468,2016,Dec
2057,A Coruña,Foreign,43598,2016,Nov
2058,A Coruña,Foreign,133810,2016,Oct
2059,A Coruña,Foreign,162494,2016,Sep
2060,A Coruña,Foreign,157507,2016,Aug
2061,A Coruña,Foreign,129427,2016,Jul
2062,A Coruña,Foreign,148868,2016,Jun
2063,A Coruña,Foreign,149598,2016,May
2064,A Coruña,Foreign,77369,2016,Apr
2065,A Coruña,Foreign,43157,2016,Mar
2066,A Coruña,Foreign,24157,2016,Feb
2067,A Coruña,Foreign,23080,2016,Jan
2068,A Coruña,Foreign,27373,2015,Dec
2069,A Coruña,Foreign,39878,2015,Nov
2070,A Coruña,Foreign,121206,2015,Oct
2071,A Coruña,Foreign,171128,2015,Sep
2072,A Coruña,Foreign,167045,2015,Aug
2073,A Coruña,Foreign,145311,2015,Jul
2074,A Coruña,Foreign,154797,2015,Jun
2075,A Coruña,Foreign,135192,2015,May
2076,A Coruña,Foreign,79789,2015,Apr
2077,A Coruña,Foreign,42512,2015,Mar
2078,A Coruña,Foreign,24716,2015,Feb
2079,A Coruña,Foreign,22884,2015,Jan
2080,A Coruña,Foreign,22925,2014,Dec
2081,A Coruña,Foreign,34892,2014,Nov
2082,A Coruña,Foreign,112612,2014,Oct
2083,A Coruña,Foreign,142470,2014,Sep
2084,A Coruña,Foreign,135325,2014,Aug
2085,A Coruña,Foreign,117784,2014,Jul
2086,A Coruña,Foreign,125070,2014,Jun
2087,A Coruña,Foreign,122133,2014,May
2088,A Coruña,Foreign,65619,2014,Apr
2089,A Coruña,Foreign,29562,2014,Mar
2090,A Coruña,Foreign,24776,2014,Feb
2091,A Coruña,Foreign,21573,2014,Jan
2092,A Coruña,Foreign,23037,2013,Dec
2093,A Coruña,Foreign,33482,2013,Nov
2094,A Coruña,Foreign,86501,2013,Oct
2095,A Coruña,Foreign,114301,2013,Sep
2096,A Coruña,Foreign,118487,2013,Aug
2097,A Coruña,Foreign,106140,2013,Jul
2098,A Coruña,Foreign,115151,2013,Jun
2099,A Coruña,Foreign,101064,2013,May
2100,A Coruña,Foreign,58992,2013,Apr
2101,A Coruña,Foreign,37547,2013,Mar
2102,A Coruña,Foreign,24579,2013,Feb
2103,A Coruña,Foreign,22303,2013,Jan
2104,A Coruña,Foreign,26458,2012,Dec
2105,A Coruña,Foreign,30843,2012,Nov
2106,A Coruña,Foreign,76689,2012,Oct
2107,A Coruña,Foreign,110202,2012,Sep
2108,A Coruña,Foreign,105261,2012,Aug
2109,A Coruña,Foreign,82968,2012,Jul
2110,A Coruña,Foreign,95466,2012,Jun
2111,A Coruña,Foreign,87814,2012,May
2112,A Coruña,Foreign,58645,2012,Apr
2113,A Coruña,Foreign,30886,2012,Mar
2114,A Coruña,Foreign,26437,2012,Feb
2115,A Coruña,Foreign,20765,2012,Jan
2116,A Coruña,Foreign,19963,2011,Dec
2117,A Coruña,Foreign,27721,2011,Nov
2118,A Coruña,Foreign,65332,2011,Oct
2119,A Coruña,Foreign,95061,2011,Sep
2120,A Coruña,Foreign,106215,2011,Aug
2121,A Coruña,Foreign,91136,2011,Jul
2122,A Coruña,Foreign,84171,2011,Jun
2123,A Coruña,Foreign,79603,2011,May
2124,A Coruña,Foreign,54702,2011,Apr
2125,A Coruña,Foreign,29043,2011,Mar
2126,A Coruña,Foreign,22348,2011,Feb
2127,A Coruña,Foreign,21526,2011,Jan
2128,A Coruña,Foreign,24442,2010,Dec
2129,A Coruña,Foreign,31127,2010,Nov
2130,A Coruña,Foreign,83905,2010,Oct
2131,A Coruña,Foreign,108149,2010,Sep
2132,A Coruña,Foreign,111701,2010,Aug
2133,A Coruña,Foreign,100899,2010,Jul
2134,A Coruña,Foreign,82431,2010,Jun
2135,A Coruña,Foreign,84160,2010,May
2136,A Coruña,Foreign,54685,2010,Apr
2137,A Coruña,Foreign,32360,2010,Mar
2138,A Coruña,Foreign,29245,2010,Feb
2139,A Coruña,Foreign,20754,2010,Jan
2140,A Coruña,Foreign,21879,2009,Dec
2141,A Coruña,Foreign,33279,2009,Nov
2142,A Coruña,Foreign,66930,2009,Oct
2143,A Coruña,Foreign,83148,2009,Sep
2144,A Coruña,Foreign,83272,2009,Aug
2145,A Coruña,Foreign,81514,2009,Jul
2146,A Coruña,Foreign,76230,2009,Jun
2147,A Coruña,Foreign,76758,2009,May
2148,A Coruña,Foreign,46896,2009,Apr
2149,A Coruña,Foreign,29964,2009,Mar
2150,A Coruña,Foreign,26950,2009,Feb
2151,A Coruña,Foreign,24323,2009,Jan
2152,A Coruña,Foreign,23912,2008,Dec
2153,A Coruña,Foreign,34392,2008,Nov
2154,A Coruña,Foreign,61570,2008,Oct
2155,A Coruña,Foreign,77250,2008,Sep
2156,A Coruña,Foreign,86046,2008,Aug
2157,A Coruña,Foreign,85942,2008,Jul
2158,A Coruña,Foreign,80131,2008,Jun
2159,A Coruña,Foreign,86526,2008,May
2160,A Coruña,Foreign,63844,2008,Apr
2161,A Coruña,Foreign,40431,2008,Mar
2162,A Coruña,Foreign,36995,2008,Feb
2163,A Coruña,Foreign,27092,2008,Jan
2164,A Coruña,Foreign,28475,2007,Dec
2165,A Coruña,Foreign,40682,2007,Nov
2166,A Coruña,Foreign,78554,2007,Oct
2167,A Coruña,Foreign,84827,2007,Sep
2168,A Coruña,Foreign,103105,2007,Aug
2169,A Coruña,Foreign,87501,2007,Jul
2170,A Coruña,Foreign,89962,2007,Jun
2171,A Coruña,Foreign,91126,2007,May
2172,A Coruña,Foreign,61342,2007,Apr
2173,A Coruña,Foreign,36620,2007,Mar
2174,A Coruña,Foreign,31395,2007,Feb
2175,A Coruña,Foreign,25737,2007,Jan
2176,A Coruña,Foreign,26648,2006,Dec
2177,A Coruña,Foreign,33362,2006,Nov
2178,A Coruña,Foreign,60440,2006,Oct
2179,A Coruña,Foreign,75027,2006,Sep
2180,A Coruña,Foreign,92985,2006,Aug
2181,A Coruña,Foreign,81539,2006,Jul
2182,A Coruña,Foreign,73031,2006,Jun
2183,A Coruña,Foreign,71120,2006,May
2184,A Coruña,Foreign,51417,2006,Apr
2185,A Coruña,Foreign,30201,2006,Mar
2186,A Coruña,Foreign,25481,2006,Feb
2187,A Coruña,Foreign,26734,2006,Jan
2188,A Coruña,Foreign,24174,2005,Dec
2189,A Coruña,Foreign,35208,2005,Nov
2190,A Coruña,Foreign,59872,2005,Oct
2191,A Coruña,Foreign,77732,2005,Sep
2192,A Coruña,Foreign,93312,2005,Aug
2193,A Coruña,Foreign,78859,2005,Jul
2194,A Coruña,Foreign,77787,2005,Jun
2195,A Coruña,Foreign,66491,2005,May
2196,A Coruña,Foreign,49488,2005,Apr
2197,A Coruña,Foreign,28023,2005,Mar
2198,A Coruña,Foreign,20812,2005,Feb
2199,A Coruña,Foreign,23521,2005,Jan
2200,A Coruña,Foreign,20881,2004,Dec
2201,A Coruña,Foreign,30599,2004,Nov
2202,A Coruña,Foreign,57297,2004,Oct
2203,A Coruña,Foreign,83534,2004,Sep
2204,A Coruña,Foreign,92719,2004,Aug
2205,A Coruña,Foreign,81072,2004,Jul
2206,A Coruña,Foreign,58344,2004,Jun
2207,A Coruña,Foreign,67131,2004,May
2208,A Coruña,Foreign,39364,2004,Apr
2209,A Coruña,Foreign,28533,2004,Mar
2210,A Coruña,Foreign,28304,2004,Feb
2211,A Coruña,Foreign,17271,2004,Jan
2212,A Coruña,Foreign,21183,2003,Dec
2213,A Coruña,Foreign,29542,2003,Nov
2214,A Coruña,Foreign,50284,2003,Oct
2215,A Coruña,Foreign,72565,2003,Sep
2216,A Coruña,Foreign,82796,2003,Aug
2217,A Coruña,Foreign,67153,2003,Jul
2218,A Coruña,Foreign,59038,2003,Jun
2219,A Coruña,Foreign,56490,2003,May
2220,A Coruña,Foreign,42967,2003,Apr
2221,A Coruña,Foreign,25326,2003,Mar
2222,A Coruña,Foreign,18926,2003,Feb
2223,A Coruña,Foreign,16047,2003,Jan
2224,A Coruña,Foreign,19989,2002,Dec
2225,A Coruña,Foreign,26803,2002,Nov
2226,A Coruña,Foreign,45575,2002,Oct
2227,A Coruña,Foreign,67127,2002,Sep
2228,A Coruña,Foreign,85586,2002,Aug
2229,A Coruña,Foreign,66434,2002,Jul
2230,A Coruña,Foreign,52193,2002,Jun
2231,A Coruña,Foreign,48452,2002,May
2232,A Coruña,Foreign,44066,2002,Apr
2233,A Coruña,Foreign,26198,2002,Mar
2234,A Coruña,Foreign,15725,2002,Feb
2235,A Coruña,Foreign,11040,2002,Jan
2236,A Coruña,Foreign,15325,2001,Dec
2237,A Coruña,Foreign,20700,2001,Nov
2238,A Coruña,Foreign,35665,2001,Oct
2239,A Coruña,Foreign,51181,2001,Sep
2240,A Coruña,Foreign,80442,2001,Aug
2241,A Coruña,Foreign,69009,2001,Jul
2242,A Coruña,Foreign,48108,2001,Jun
2243,A Coruña,Foreign,39253,2001,May
2244,A Coruña,Foreign,38250,2001,Apr
2245,A Coruña,Foreign,28855,2001,Mar
2246,A Coruña,Foreign,23521,2001,Feb
2247,A Coruña,Foreign,12343,2001,Jan
2248,A Coruña,Foreign,21066,2000,Dec
2249,A Coruña,Foreign,22456,2000,Nov
2250,A Coruña,Foreign,45182,2000,Oct
2251,A Coruña,Foreign,92417,2000,Sep
2252,A Coruña,Foreign,77114,2000,Aug
2253,A Coruña,Foreign,69557,2000,Jul
2254,A Coruña,Foreign,47361,2000,Jun
2255,A Coruña,Foreign,44659,2000,May
2256,A Coruña,Foreign,31828,2000,Apr
2257,A Coruña,Foreign,21278,2000,Mar
2258,A Coruña,Foreign,13716,2000,Feb
2259,A Coruña,Foreign,11121,2000,Jan
2260,A Coruña,Foreign,15587,1999,Dec
2261,A Coruña,Foreign,21281,1999,Nov
2262,A Coruña,Foreign,40342,1999,Oct
2263,A Coruña,Foreign,74624,1999,Sep
2264,A Coruña,Foreign,72127,1999,Aug
2265,A Coruña,Foreign,72840,1999,Jul
2266,A Coruña,Foreign,49886,1999,Jun
2267,A Coruña,Foreign,37660,1999,May
2268,A Coruña,Foreign,35945,1999,Apr
2269,A Coruña,Foreign,16849,1999,Mar
2270,A Coruña,Foreign,10828,1999,Feb
2271,A Coruña,Foreign,9310,1999,Jan
2840,Lugo,Spain,169402,2022,Aug
2841,Lugo,Spain,121055,2022,Jul
2842,Lugo,Spain,80026,2022,Jun
2843,Lugo,Spain,68955,2022,May
2844,Lugo,Spain,74537,2022,Apr
2845,Lugo,Spain,41507,2022,Mar
2846,Lugo,Spain,34355,2022,Feb
2847,Lugo,Spain,26584,2022,Jan
2848,Lugo,Spain,34604,2021,Dec
2849,Lugo,Spain,45893,2021,Nov
2850,Lugo,Spain,84467,2021,Oct
2851,Lugo,Spain,104482,2021,Sep
2852,Lugo,Spain,183550,2021,Aug
2853,Lugo,Spain,124031,2021,Jul
2854,Lugo,Spain,64772,2021,Jun
2855,Lugo,Spain,38687,2021,May
2856,Lugo,Spain,23563,2021,Apr
2857,Lugo,Spain,19878,2021,Mar
2858,Lugo,Spain,9362,2021,Feb
2859,Lugo,Spain,9931,2021,Jan
2860,Lugo,Spain,11408,2020,Dec
2861,Lugo,Spain,13864,2020,Nov
2862,Lugo,Spain,37343,2020,Oct
2863,Lugo,Spain,48579,2020,Sep
2864,Lugo,Spain,99151,2020,Aug
2865,Lugo,Spain,48195,2020,Jul
2866,Lugo,Spain,15295,2020,Jun
2867,Lugo,Spain,1111,2020,May
2868,Lugo,Spain,0,2020,Apr
2869,Lugo,Spain,21934,2020,Mar
2870,Lugo,Spain,43831,2020,Feb
2871,Lugo,Spain,33861,2020,Jan
2872,Lugo,Spain,53212,2019,Dec
2873,Lugo,Spain,63391,2019,Nov
2874,Lugo,Spain,76702,2019,Oct
2875,Lugo,Spain,89641,2019,Sep
2876,Lugo,Spain,161741,2019,Aug
2877,Lugo,Spain,111380,2019,Jul
2878,Lugo,Spain,84947,2019,Jun
2879,Lugo,Spain,72888,2019,May
2880,Lugo,Spain,70675,2019,Apr
2881,Lugo,Spain,50100,2019,Mar
2882,Lugo,Spain,39011,2019,Feb
2883,Lugo,Spain,35051,2019,Jan
2884,Lugo,Spain,49397,2018,Dec
2885,Lugo,Spain,58525,2018,Nov
2886,Lugo,Spain,74484,2018,Oct
2887,Lugo,Spain,87614,2018,Sep
2888,Lugo,Spain,146736,2018,Aug
2889,Lugo,Spain,101182,2018,Jul
2890,Lugo,Spain,83757,2018,Jun
2891,Lugo,Spain,71625,2018,May
2892,Lugo,Spain,61970,2018,Apr
2893,Lugo,Spain,62332,2018,Mar
2894,Lugo,Spain,37807,2018,Feb
2895,Lugo,Spain,33662,2018,Jan
2896,Lugo,Spain,46281,2017,Dec
2897,Lugo,Spain,53424,2017,Nov
2898,Lugo,Spain,80656,2017,Oct
2899,Lugo,Spain,81147,2017,Sep
2900,Lugo,Spain,150697,2017,Aug
2901,Lugo,Spain,111933,2017,Jul
2902,Lugo,Spain,78797,2017,Jun
2903,Lugo,Spain,62840,2017,May
2904,Lugo,Spain,77464,2017,Apr
2905,Lugo,Spain,45445,2017,Mar
2906,Lugo,Spain,33240,2017,Feb
2907,Lugo,Spain,30467,2017,Jan
2908,Lugo,Spain,44066,2016,Dec
2909,Lugo,Spain,48218,2016,Nov
2910,Lugo,Spain,77550,2016,Oct
2911,Lugo,Spain,80667,2016,Sep
2912,Lugo,Spain,148426,2016,Aug
2913,Lugo,Spain,115674,2016,Jul
2914,Lugo,Spain,78168,2016,Jun
2915,Lugo,Spain,63612,2016,May
2916,Lugo,Spain,50654,2016,Apr
2917,Lugo,Spain,62171,2016,Mar
2918,Lugo,Spain,33760,2016,Feb
2919,Lugo,Spain,31776,2016,Jan
2920,Lugo,Spain,37478,2015,Dec
2921,Lugo,Spain,44447,2015,Nov
2922,Lugo,Spain,65986,2015,Oct
2923,Lugo,Spain,77491,2015,Sep
2924,Lugo,Spain,152270,2015,Aug
2925,Lugo,Spain,114865,2015,Jul
2926,Lugo,Spain,68189,2015,Jun
2927,Lugo,Spain,61320,2015,May
2928,Lugo,Spain,60528,2015,Apr
2929,Lugo,Spain,53450,2015,Mar
2930,Lugo,Spain,30289,2015,Feb
2931,Lugo,Spain,27546,2015,Jan
2932,Lugo,Spain,38830,2014,Dec
2933,Lugo,Spain,43990,2014,Nov
2934,Lugo,Spain,63121,2014,Oct
2935,Lugo,Spain,76829,2014,Sep
2936,Lugo,Spain,141028,2014,Aug
2937,Lugo,Spain,96374,2014,Jul
2938,Lugo,Spain,67173,2014,Jun
2939,Lugo,Spain,54246,2014,May
2940,Lugo,Spain,62559,2014,Apr
2941,Lugo,Spain,37342,2014,Mar
2942,Lugo,Spain,26518,2014,Feb
2943,Lugo,Spain,23720,2014,Jan
2944,Lugo,Spain,34554,2013,Dec
2945,Lugo,Spain,41987,2013,Nov
2946,Lugo,Spain,57718,2013,Oct
2947,Lugo,Spain,72281,2013,Sep
2948,Lugo,Spain,134382,2013,Aug
2949,Lugo,Spain,92305,2013,Jul
2950,Lugo,Spain,62873,2013,Jun
2951,Lugo,Spain,55731,2013,May
2952,Lugo,Spain,39844,2013,Apr
2953,Lugo,Spain,49081,2013,Mar
2954,Lugo,Spain,29419,2013,Feb
2955,Lugo,Spain,25656,2013,Jan
2956,Lugo,Spain,31652,2012,Dec
2957,Lugo,Spain,38372,2012,Nov
2958,Lugo,Spain,57465,2012,Oct
2959,Lugo,Spain,65791,2012,Sep
2960,Lugo,Spain,115283,2012,Aug
2961,Lugo,Spain,80157,2012,Jul
2962,Lugo,Spain,60053,2012,Jun
2963,Lugo,Spain,48439,2012,May
2964,Lugo,Spain,50627,2012,Apr
2965,Lugo,Spain,38186,2012,Mar
2966,Lugo,Spain,29870,2012,Feb
2967,Lugo,Spain,25447,2012,Jan
2968,Lugo,Spain,37109,2011,Dec
2969,Lugo,Spain,40835,2011,Nov
2970,Lugo,Spain,65244,2011,Oct
2971,Lugo,Spain,76564,2011,Sep
2972,Lugo,Spain,126834,2011,Aug
2973,Lugo,Spain,90713,2011,Jul
2974,Lugo,Spain,64900,2011,Jun
2975,Lugo,Spain,53398,2011,May
2976,Lugo,Spain,59939,2011,Apr
2977,Lugo,Spain,40533,2011,Mar
2978,Lugo,Spain,34365,2011,Feb
2979,Lugo,Spain,28097,2011,Jan
2980,Lugo,Spain,38702,2010,Dec
2981,Lugo,Spain,49095,2010,Nov
2982,Lugo,Spain,74502,2010,Oct
2983,Lugo,Spain,83584,2010,Sep
2984,Lugo,Spain,139506,2010,Aug
2985,Lugo,Spain,95362,2010,Jul
2986,Lugo,Spain,77478,2010,Jun
2987,Lugo,Spain,65224,2010,May
2988,Lugo,Spain,63049,2010,Apr
2989,Lugo,Spain,56359,2010,Mar
2990,Lugo,Spain,34684,2010,Feb
2991,Lugo,Spain,29415,2010,Jan
2992,Lugo,Spain,39411,2009,Dec
2993,Lugo,Spain,44475,2009,Nov
2994,Lugo,Spain,59925,2009,Oct
2995,Lugo,Spain,69385,2009,Sep
2996,Lugo,Spain,123314,2009,Aug
2997,Lugo,Spain,82663,2009,Jul
2998,Lugo,Spain,61527,2009,Jun
2999,Lugo,Spain,55939,2009,May
3000,Lugo,Spain,57733,2009,Apr
3001,Lugo,Spain,47216,2009,Mar
3002,Lugo,Spain,36835,2009,Feb
3003,Lugo,Spain,32022,2009,Jan
3004,Lugo,Spain,36447,2008,Dec
3005,Lugo,Spain,45308,2008,Nov
3006,Lugo,Spain,59694,2008,Oct
3007,Lugo,Spain,68119,2008,Sep
3008,Lugo,Spain,125171,2008,Aug
3009,Lugo,Spain,84190,2008,Jul
3010,Lugo,Spain,66053,2008,Jun
3011,Lugo,Spain,64855,2008,May
3012,Lugo,Spain,52579,2008,Apr
3013,Lugo,Spain,61365,2008,Mar
3014,Lugo,Spain,44288,2008,Feb
3015,Lugo,Spain,36330,2008,Jan
3016,Lugo,Spain,43957,2007,Dec
3017,Lugo,Spain,51449,2007,Nov
3018,Lugo,Spain,66102,2007,Oct
3019,Lugo,Spain,66484,2007,Sep
3020,Lugo,Spain,131291,2007,Aug
3021,Lugo,Spain,80819,2007,Jul
3022,Lugo,Spain,60527,2007,Jun
3023,Lugo,Spain,52075,2007,May
3024,Lugo,Spain,62973,2007,Apr
3025,Lugo,Spain,51202,2007,Mar
3026,Lugo,Spain,39715,2007,Feb
3027,Lugo,Spain,36444,2007,Jan
3028,Lugo,Spain,40378,2006,Dec
3029,Lugo,Spain,49003,2006,Nov
3030,Lugo,Spain,60327,2006,Oct
3031,Lugo,Spain,67952,2006,Sep
3032,Lugo,Spain,133338,2006,Aug
3033,Lugo,Spain,93040,2006,Jul
3034,Lugo,Spain,63969,2006,Jun
3035,Lugo,Spain,56343,2006,May
3036,Lugo,Spain,63506,2006,Apr
3037,Lugo,Spain,47336,2006,Mar
3038,Lugo,Spain,35036,2006,Feb
3039,Lugo,Spain,36680,2006,Jan
3040,Lugo,Spain,38018,2005,Dec
3041,Lugo,Spain,45167,2005,Nov
3042,Lugo,Spain,57620,2005,Oct
3043,Lugo,Spain,70754,2005,Sep
3044,Lugo,Spain,132118,2005,Aug
3045,Lugo,Spain,85043,2005,Jul
3046,Lugo,Spain,57225,2005,Jun
3047,Lugo,Spain,52562,2005,May
3048,Lugo,Spain,45410,2005,Apr
3049,Lugo,Spain,55389,2005,Mar
3050,Lugo,Spain,33011,2005,Feb
3051,Lugo,Spain,33476,2005,Jan
3052,Lugo,Spain,44337,2004,Dec
3053,Lugo,Spain,43242,2004,Nov
3054,Lugo,Spain,61489,2004,Oct
3055,Lugo,Spain,67518,2004,Sep
3056,Lugo,Spain,121269,2004,Aug
3057,Lugo,Spain,77735,2004,Jul
3058,Lugo,Spain,60926,2004,Jun
3059,Lugo,Spain,52669,2004,May
3060,Lugo,Spain,55597,2004,Apr
3061,Lugo,Spain,39706,2004,Mar
3062,Lugo,Spain,31480,2004,Feb
3063,Lugo,Spain,27298,2004,Jan
3064,Lugo,Spain,34387,2003,Dec
3065,Lugo,Spain,37362,2003,Nov
3066,Lugo,Spain,50415,2003,Oct
3067,Lugo,Spain,59413,2003,Sep
3068,Lugo,Spain,105996,2003,Aug
3069,Lugo,Spain,63427,2003,Jul
3070,Lugo,Spain,40859,2003,Jun
3071,Lugo,Spain,41900,2003,May
3072,Lugo,Spain,48094,2003,Apr
3073,Lugo,Spain,38815,2003,Mar
3074,Lugo,Spain,30663,2003,Feb
3075,Lugo,Spain,27215,2003,Jan
3076,Lugo,Spain,33959,2002,Dec
3077,Lugo,Spain,35262,2002,Nov
3078,Lugo,Spain,56041,2002,Oct
3079,Lugo,Spain,58828,2002,Sep
3080,Lugo,Spain,118929,2002,Aug
3081,Lugo,Spain,74082,2002,Jul
3082,Lugo,Spain,52769,2002,Jun
3083,Lugo,Spain,50650,2002,May
3084,Lugo,Spain,46535,2002,Apr
3085,Lugo,Spain,58939,2002,Mar
3086,Lugo,Spain,36371,2002,Feb
3087,Lugo,Spain,30926,2002,Jan
3088,Lugo,Spain,41035,2001,Dec
3089,Lugo,Spain,43597,2001,Nov
3090,Lugo,Spain,48781,2001,Oct
3091,Lugo,Spain,55548,2001,Sep
3092,Lugo,Spain,110818,2001,Aug
3093,Lugo,Spain,65385,2001,Jul
3094,Lugo,Spain,44309,2001,Jun
3095,Lugo,Spain,42751,2001,May
3096,Lugo,Spain,48409,2001,Apr
3097,Lugo,Spain,36368,2001,Mar
3098,Lugo,Spain,30672,2001,Feb
3099,Lugo,Spain,27551,2001,Jan
3100,Lugo,Spain,30497,2000,Dec
3101,Lugo,Spain,38219,2000,Nov
3102,Lugo,Spain,47954,2000,Oct
3103,Lugo,Spain,54198,2000,Sep
3104,Lugo,Spain,92791,2000,Aug
3105,Lugo,Spain,60833,2000,Jul
3106,Lugo,Spain,38178,2000,Jun
3107,Lugo,Spain,33542,2000,May
3108,Lugo,Spain,43417,2000,Apr
3109,Lugo,Spain,29343,2000,Mar
3110,Lugo,Spain,27110,2000,Feb
3111,Lugo,Spain,24075,2000,Jan
3112,Lugo,Spain,32444,1999,Dec
3113,Lugo,Spain,30031,1999,Nov
3114,Lugo,Spain,44904,1999,Oct
3115,Lugo,Spain,54354,1999,Sep
3116,Lugo,Spain,101336,1999,Aug
3117,Lugo,Spain,60140,1999,Jul
3118,Lugo,Spain,43985,1999,Jun
3119,Lugo,Spain,42151,1999,May
3120,Lugo,Spain,37802,1999,Apr
3121,Lugo,Spain,31349,1999,Mar
3122,Lugo,Spain,19739,1999,Feb
3123,Lugo,Spain,17035,1999,Jan
3124,Lugo,Foreign,22974,2022,Aug
3125,Lugo,Foreign,24332,2022,Jul
3126,Lugo,Foreign,28547,2022,Jun
3127,Lugo,Foreign,28177,2022,May
3128,Lugo,Foreign,14159,2022,Apr
3129,Lugo,Foreign,6293,2022,Mar
3130,Lugo,Foreign,3353,2022,Feb
3131,Lugo,Foreign,2705,2022,Jan
3132,Lugo,Foreign,2910,2021,Dec
3133,Lugo,Foreign,5079,2021,Nov
3134,Lugo,Foreign,15093,2021,Oct
3135,Lugo,Foreign,18241,2021,Sep
3136,Lugo,Foreign,12694,2021,Aug
3137,Lugo,Foreign,11481,2021,Jul
3138,Lugo,Foreign,5132,2021,Jun
3139,Lugo,Foreign,2908,2021,May
3140,Lugo,Foreign,1528,2021,Apr
3141,Lugo,Foreign,2084,2021,Mar
3142,Lugo,Foreign,1848,2021,Feb
3143,Lugo,Foreign,1723,2021,Jan
3144,Lugo,Foreign,1327,2020,Dec
3145,Lugo,Foreign,1705,2020,Nov
3146,Lugo,Foreign,3214,2020,Oct
3147,Lugo,Foreign,4481,2020,Sep
3148,Lugo,Foreign,6310,2020,Aug
3149,Lugo,Foreign,3161,2020,Jul
3150,Lugo,Foreign,864,2020,Jun
3151,Lugo,Foreign,173,2020,May
3152,Lugo,Foreign,0,2020,Apr
3153,Lugo,Foreign,2354,2020,Mar
3154,Lugo,Foreign,4159,2020,Feb
3155,Lugo,Foreign,3054,2020,Jan
3156,Lugo,Foreign,3633,2019,Dec
3157,Lugo,Foreign,4851,2019,Nov
3158,Lugo,Foreign,27012,2019,Oct
3159,Lugo,Foreign,37620,2019,Sep
3160,Lugo,Foreign,26410,2019,Aug
3161,Lugo,Foreign,24941,2019,Jul
3162,Lugo,Foreign,31097,2019,Jun
3163,Lugo,Foreign,31990,2019,May
3164,Lugo,Foreign,22120,2019,Apr
3165,Lugo,Foreign,7762,2019,Mar
3166,Lugo,Foreign,4303,2019,Feb
3167,Lugo,Foreign,4182,2019,Jan
3168,Lugo,Foreign,3974,2018,Dec
3169,Lugo,Foreign,4932,2018,Nov
3170,Lugo,Foreign,19479,2018,Oct
3171,Lugo,Foreign,29797,2018,Sep
3172,Lugo,Foreign,22497,2018,Aug
3173,Lugo,Foreign,19111,2018,Jul
3174,Lugo,Foreign,23795,2018,Jun
3175,Lugo,Foreign,28688,2018,May
3176,Lugo,Foreign,12393,2018,Apr
3177,Lugo,Foreign,9612,2018,Mar
3178,Lugo,Foreign,2812,2018,Feb
3179,Lugo,Foreign,2775,2018,Jan
3180,Lugo,Foreign,3383,2017,Dec
3181,Lugo,Foreign,4818,2017,Nov
3182,Lugo,Foreign,24508,2017,Oct
3183,Lugo,Foreign,42364,2017,Sep
3184,Lugo,Foreign,31558,2017,Aug
3185,Lugo,Foreign,33189,2017,Jul
3186,Lugo,Foreign,32762,2017,Jun
3187,Lugo,Foreign,35981,2017,May
3188,Lugo,Foreign,19850,2017,Apr
3189,Lugo,Foreign,3688,2017,Mar
3190,Lugo,Foreign,2645,2017,Feb
3191,Lugo,Foreign,2679,2017,Jan
3192,Lugo,Foreign,3609,2016,Dec
3193,Lugo,Foreign,4543,2016,Nov
3194,Lugo,Foreign,23798,2016,Oct
3195,Lugo,Foreign,41405,2016,Sep
3196,Lugo,Foreign,32805,2016,Aug
3197,Lugo,Foreign,26063,2016,Jul
3198,Lugo,Foreign,35307,2016,Jun
3199,Lugo,Foreign,40354,2016,May
3200,Lugo,Foreign,15361,2016,Apr
3201,Lugo,Foreign,6874,2016,Mar
3202,Lugo,Foreign,2724,2016,Feb
3203,Lugo,Foreign,3176,2016,Jan
3204,Lugo,Foreign,2856,2015,Dec
3205,Lugo,Foreign,5788,2015,Nov
3206,Lugo,Foreign,24134,2015,Oct
3207,Lugo,Foreign,38582,2015,Sep
3208,Lugo,Foreign,34695,2015,Aug
3209,Lugo,Foreign,29751,2015,Jul
3210,Lugo,Foreign,34242,2015,Jun
3211,Lugo,Foreign,36451,2015,May
3212,Lugo,Foreign,15848,2015,Apr
3213,Lugo,Foreign,5446,2015,Mar
3214,Lugo,Foreign,2472,2015,Feb
3215,Lugo,Foreign,2946,2015,Jan
3216,Lugo,Foreign,3149,2014,Dec
3217,Lugo,Foreign,4894,2014,Nov
3218,Lugo,Foreign,20010,2014,Oct
3219,Lugo,Foreign,36138,2014,Sep
3220,Lugo,Foreign,31243,2014,Aug
3221,Lugo,Foreign,27063,2014,Jul
3222,Lugo,Foreign,29873,2014,Jun
3223,Lugo,Foreign,37912,2014,May
3224,Lugo,Foreign,16038,2014,Apr
3225,Lugo,Foreign,3422,2014,Mar
3226,Lugo,Foreign,2417,2014,Feb
3227,Lugo,Foreign,2545,2014,Jan
3228,Lugo,Foreign,3396,2013,Dec
3229,Lugo,Foreign,3450,2013,Nov
3230,Lugo,Foreign,15833,2013,Oct
3231,Lugo,Foreign,27747,2013,Sep
3232,Lugo,Foreign,22722,2013,Aug
3233,Lugo,Foreign,19555,2013,Jul
3234,Lugo,Foreign,24747,2013,Jun
3235,Lugo,Foreign,25354,2013,May
3236,Lugo,Foreign,13567,2013,Apr
3237,Lugo,Foreign,5758,2013,Mar
3238,Lugo,Foreign,2265,2013,Feb
3239,Lugo,Foreign,1684,2013,Jan
3240,Lugo,Foreign,1452,2012,Dec
3241,Lugo,Foreign,3609,2012,Nov
3242,Lugo,Foreign,14459,2012,Oct
3243,Lugo,Foreign,24444,2012,Sep
3244,Lugo,Foreign,18381,2012,Aug
3245,Lugo,Foreign,18925,2012,Jul
3246,Lugo,Foreign,20049,2012,Jun
3247,Lugo,Foreign,23444,2012,May
3248,Lugo,Foreign,11275,2012,Apr
3249,Lugo,Foreign,3662,2012,Mar
3250,Lugo,Foreign,1826,2012,Feb
3251,Lugo,Foreign,2442,2012,Jan
3252,Lugo,Foreign,1759,2011,Dec
3253,Lugo,Foreign,3339,2011,Nov
3254,Lugo,Foreign,13717,2011,Oct
3255,Lugo,Foreign,21364,2011,Sep
3256,Lugo,Foreign,23677,2011,Aug
3257,Lugo,Foreign,21913,2011,Jul
3258,Lugo,Foreign,22450,2011,Jun
3259,Lugo,Foreign,21041,2011,May
3260,Lugo,Foreign,9673,2011,Apr
3261,Lugo,Foreign,5491,2011,Mar
3262,Lugo,Foreign,3064,2011,Feb
3263,Lugo,Foreign,2987,2011,Jan
3264,Lugo,Foreign,3096,2010,Dec
3265,Lugo,Foreign,3514,2010,Nov
3266,Lugo,Foreign,13098,2010,Oct
3267,Lugo,Foreign,21228,2010,Sep
3268,Lugo,Foreign,21809,2010,Aug
3269,Lugo,Foreign,19636,2010,Jul
3270,Lugo,Foreign,18446,2010,Jun
3271,Lugo,Foreign,23730,2010,May
3272,Lugo,Foreign,10292,2010,Apr
3273,Lugo,Foreign,5901,2010,Mar
3274,Lugo,Foreign,3580,2010,Feb
3275,Lugo,Foreign,2726,2010,Jan
3276,Lugo,Foreign,4136,2009,Dec
3277,Lugo,Foreign,4059,2009,Nov
3278,Lugo,Foreign,12727,2009,Oct
3279,Lugo,Foreign,17596,2009,Sep
3280,Lugo,Foreign,16964,2009,Aug
3281,Lugo,Foreign,14556,2009,Jul
3282,Lugo,Foreign,17416,2009,Jun
3283,Lugo,Foreign,19112,2009,May
3284,Lugo,Foreign,11744,2009,Apr
3285,Lugo,Foreign,4232,2009,Mar
3286,Lugo,Foreign,3682,2009,Feb
3287,Lugo,Foreign,2893,2009,Jan
3288,Lugo,Foreign,4638,2008,Dec
3289,Lugo,Foreign,4878,2008,Nov
3290,Lugo,Foreign,14307,2008,Oct
3291,Lugo,Foreign,20876,2008,Sep
3292,Lugo,Foreign,17683,2008,Aug
3293,Lugo,Foreign,17941,2008,Jul
3294,Lugo,Foreign,17034,2008,Jun
3295,Lugo,Foreign,19209,2008,May
3296,Lugo,Foreign,11462,2008,Apr
3297,Lugo,Foreign,6889,2008,Mar
3298,Lugo,Foreign,4919,2008,Feb
3299,Lugo,Foreign,4401,2008,Jan
3300,Lugo,Foreign,5982,2007,Dec
3301,Lugo,Foreign,6400,2007,Nov
3302,Lugo,Foreign,11746,2007,Oct
3303,Lugo,Foreign,15743,2007,Sep
3304,Lugo,Foreign,18581,2007,Aug
3305,Lugo,Foreign,14869,2007,Jul
3306,Lugo,Foreign,17870,2007,Jun
3307,Lugo,Foreign,16262,2007,May
3308,Lugo,Foreign,10272,2007,Apr
3309,Lugo,Foreign,5368,2007,Mar
3310,Lugo,Foreign,3678,2007,Feb
3311,Lugo,Foreign,3673,2007,Jan
3312,Lugo,Foreign,3381,2006,Dec
3313,Lugo,Foreign,4407,2006,Nov
3314,Lugo,Foreign,10118,2006,Oct
3315,Lugo,Foreign,14440,2006,Sep
3316,Lugo,Foreign,15668,2006,Aug
3317,Lugo,Foreign,12179,2006,Jul
3318,Lugo,Foreign,10994,2006,Jun
3319,Lugo,Foreign,9898,2006,May
3320,Lugo,Foreign,7348,2006,Apr
3321,Lugo,Foreign,3137,2006,Mar
3322,Lugo,Foreign,3055,2006,Feb
3323,Lugo,Foreign,2857,2006,Jan
3324,Lugo,Foreign,2076,2005,Dec
3325,Lugo,Foreign,2571,2005,Nov
3326,Lugo,Foreign,8308,2005,Oct
3327,Lugo,Foreign,10528,2005,Sep
3328,Lugo,Foreign,12332,2005,Aug
3329,Lugo,Foreign,10004,2005,Jul
3330,Lugo,Foreign,11181,2005,Jun
3331,Lugo,Foreign,7409,2005,May
3332,Lugo,Foreign,5206,2005,Apr
3333,Lugo,Foreign,2977,2005,Mar
3334,Lugo,Foreign,1875,2005,Feb
3335,Lugo,Foreign,1460,2005,Jan
3336,Lugo,Foreign,1506,2004,Dec
3337,Lugo,Foreign,3678,2004,Nov
3338,Lugo,Foreign,8433,2004,Oct
3339,Lugo,Foreign,10271,2004,Sep
3340,Lugo,Foreign,13281,2004,Aug
3341,Lugo,Foreign,8131,2004,Jul
3342,Lugo,Foreign,9306,2004,Jun
3343,Lugo,Foreign,9125,2004,May
3344,Lugo,Foreign,4814,2004,Apr
3345,Lugo,Foreign,1780,2004,Mar
3346,Lugo,Foreign,2232,2004,Feb
3347,Lugo,Foreign,1169,2004,Jan
3348,Lugo,Foreign,1957,2003,Dec
3349,Lugo,Foreign,3297,2003,Nov
3350,Lugo,Foreign,5101,2003,Oct
3351,Lugo,Foreign,7307,2003,Sep
3352,Lugo,Foreign,7639,2003,Aug
3353,Lugo,Foreign,5585,2003,Jul
3354,Lugo,Foreign,5751,2003,Jun
3355,Lugo,Foreign,4945,2003,May
3356,Lugo,Foreign,3498,2003,Apr
3357,Lugo,Foreign,3099,2003,Mar
3358,Lugo,Foreign,1560,2003,Feb
3359,Lugo,Foreign,1365,2003,Jan
3360,Lugo,Foreign,1342,2002,Dec
3361,Lugo,Foreign,1288,2002,Nov
3362,Lugo,Foreign,4000,2002,Oct
3363,Lugo,Foreign,6963,2002,Sep
3364,Lugo,Foreign,9016,2002,Aug
3365,Lugo,Foreign,5808,2002,Jul
3366,Lugo,Foreign,8487,2002,Jun
3367,Lugo,Foreign,6505,2002,May
3368,Lugo,Foreign,3795,2002,Apr
3369,Lugo,Foreign,2474,2002,Mar
3370,Lugo,Foreign,1943,2002,Feb
3371,Lugo,Foreign,1612,2002,Jan
3372,Lugo,Foreign,2072,2001,Dec
3373,Lugo,Foreign,2561,2001,Nov
3374,Lugo,Foreign,5354,2001,Oct
3375,Lugo,Foreign,8752,2001,Sep
3376,Lugo,Foreign,9377,2001,Aug
3377,Lugo,Foreign,7742,2001,Jul
3378,Lugo,Foreign,7290,2001,Jun
3379,Lugo,Foreign,5870,2001,May
3380,Lugo,Foreign,3296,2001,Apr
3381,Lugo,Foreign,2791,2001,Mar
3382,Lugo,Foreign,1838,2001,Feb
3383,Lugo,Foreign,994,2001,Jan
3384,Lugo,Foreign,2524,2000,Dec
3385,Lugo,Foreign,2173,2000,Nov
3386,Lugo,Foreign,4890,2000,Oct
3387,Lugo,Foreign,8623,2000,Sep
3388,Lugo,Foreign,7011,2000,Aug
3389,Lugo,Foreign,6905,2000,Jul
3390,Lugo,Foreign,6520,2000,Jun
3391,Lugo,Foreign,4123,2000,May
3392,Lugo,Foreign,2549,2000,Apr
3393,Lugo,Foreign,2309,2000,Mar
3394,Lugo,Foreign,1609,2000,Feb
3395,Lugo,Foreign,1887,2000,Jan
3396,Lugo,Foreign,1387,1999,Dec
3397,Lugo,Foreign,1850,1999,Nov
3398,Lugo,Foreign,5294,1999,Oct
3399,Lugo,Foreign,6175,1999,Sep
3400,Lugo,Foreign,7794,1999,Aug
3401,Lugo,Foreign,7156,1999,Jul
3402,Lugo,Foreign,5307,1999,Jun
3403,Lugo,Foreign,4200,1999,May
3404,Lugo,Foreign,5149,1999,Apr
3405,Lugo,Foreign,1196,1999,Mar
3406,Lugo,Foreign,1012,1999,Feb
3407,Lugo,Foreign,1068,1999,Jan
3976,,Spain,79456,2022,Aug
3977,,Spain,54752,2022,Jul
3978,,Spain,53924,2022,Jun
3979,,Spain,51212,2022,May
3980,,Spain,51565,2022,Apr
3981,,Spain,37471,2022,Mar
3982,,Spain,33331,2022,Feb
3983,,Spain,22690,2022,Jan
3984,,Spain,33778,2021,Dec
3985,,Spain,37297,2021,Nov
3986,,Spain,54396,2021,Oct
3987,,Spain,55691,2021,Sep
3988,,Spain,80346,2021,Aug
3989,,Spain,57325,2021,Jul
3990,,Spain,35992,2021,Jun
3991,,Spain,30684,2021,May
3992,,Spain,25834,2021,Apr
3993,,Spain,20654,2021,Mar
3994,,Spain,12598,2021,Feb
3995,,Spain,13201,2021,Jan
3996,,Spain,16995,2020,Dec
3997,,Spain,14576,2020,Nov
3998,,Spain,22426,2020,Oct
3999,,Spain,35439,2020,Sep
4000,,Spain,60127,2020,Aug
4001,,Spain,35776,2020,Jul
4002,,Spain,14548,2020,Jun
4003,,Spain,2969,2020,May
4004,,Spain,0,2020,Apr
4005,,Spain,26250,2020,Mar
4006,,Spain,37604,2020,Feb
4007,,Spain,27739,2020,Jan
4008,,Spain,38676,2019,Dec
4009,,Spain,50976,2019,Nov
4010,,Spain,54661,2019,Oct
4011,,Spain,59695,2019,Sep
4012,,Spain,80492,2019,Aug
4013,,Spain,58729,2019,Jul
4014,,Spain,46840,2019,Jun
4015,,Spain,45583,2019,May
4016,,Spain,51504,2019,Apr
4017,,Spain,44128,2019,Mar
4018,,Spain,31071,2019,Feb
4019,,Spain,25716,2019,Jan
4020,,Spain,32621,2018,Dec
4021,,Spain,45313,2018,Nov
4022,,Spain,52690,2018,Oct
4023,,Spain,56772,2018,Sep
4024,,Spain,71544,2018,Aug
4025,,Spain,50914,2018,Jul
4026,,Spain,49677,2018,Jun
4027,,Spain,43418,2018,May
4028,,Spain,44786,2018,Apr
4029,,Spain,48992,2018,Mar
4030,,Spain,31679,2018,Feb
4031,,Spain,25873,2018,Jan
4032,,Spain,31693,2017,Dec
4033,,Spain,42409,2017,Nov
4034,,Spain,52262,2017,Oct
4035,,Spain,56070,2017,Sep
4036,,Spain,73241,2017,Aug
4037,,Spain,54578,2017,Jul
4038,,Spain,47265,2017,Jun
4039,,Spain,42869,2017,May
4040,,Spain,52335,2017,Apr
4041,,Spain,36087,2017,Mar
4042,,Spain,30178,2017,Feb
4043,,Spain,27004,2017,Jan
4044,,Spain,32028,2016,Dec
4045,,Spain,44153,2016,Nov
4046,,Spain,53576,2016,Oct
4047,,Spain,55166,2016,Sep
4048,,Spain,76589,2016,Aug
4049,,Spain,51468,2016,Jul
4050,,Spain,46798,2016,Jun
4051,,Spain,41649,2016,May
4052,,Spain,36135,2016,Apr
4053,,Spain,45025,2016,Mar
4054,,Spain,30980,2016,Feb
4055,,Spain,25105,2016,Jan
4056,,Spain,27613,2015,Dec
4057,,Spain,39869,2015,Nov
4058,,Spain,49356,2015,Oct
4059,,Spain,54775,2015,Sep
4060,,Spain,66109,2015,Aug
4061,,Spain,46861,2015,Jul
4062,,Spain,41191,2015,Jun
4063,,Spain,35739,2015,May
4064,,Spain,39031,2015,Apr
4065,,Spain,33372,2015,Mar
4066,,Spain,29952,2015,Feb
4067,,Spain,22640,2015,Jan
4068,,Spain,27317,2014,Dec
4069,,Spain,42389,2014,Nov
4070,,Spain,46470,2014,Oct
4071,,Spain,47798,2014,Sep
4072,,Spain,59912,2014,Aug
4073,,Spain,39894,2014,Jul
4074,,Spain,40103,2014,Jun
4075,,Spain,35005,2014,May
4076,,Spain,35969,2014,Apr
4077,,Spain,30210,2014,Mar
4078,,Spain,24076,2014,Feb
4079,,Spain,20764,2014,Jan
4080,,Spain,24765,2013,Dec
4081,,Spain,36039,2013,Nov
4082,,Spain,37755,2013,Oct
4083,,Spain,43967,2013,Sep
4084,,Spain,55347,2013,Aug
4085,,Spain,39236,2013,Jul
4086,,Spain,39404,2013,Jun
4087,,Spain,39266,2013,May
4088,,Spain,33345,2013,Apr
4089,,Spain,39104,2013,Mar
4090,,Spain,29028,2013,Feb
4091,,Spain,23861,2013,Jan
4092,,Spain,25778,2012,Dec
4093,,Spain,38211,2012,Nov
4094,,Spain,43475,2012,Oct
4095,,Spain,42165,2012,Sep
4096,,Spain,57005,2012,Aug
4097,,Spain,38481,2012,Jul
4098,,Spain,41141,2012,Jun
4099,,Spain,35656,2012,May
4100,,Spain,40742,2012,Apr
4101,,Spain,31767,2012,Mar
4102,,Spain,26002,2012,Feb
4103,,Spain,20010,2012,Jan
4104,,Spain,30464,2011,Dec
4105,,Spain,37183,2011,Nov
4106,,Spain,46913,2011,Oct
4107,,Spain,48365,2011,Sep
4108,,Spain,60298,2011,Aug
4109,,Spain,49171,2011,Jul
4110,,Spain,45074,2011,Jun
4111,,Spain,39139,2011,May
4112,,Spain,42044,2011,Apr
4113,,Spain,39581,2011,Mar
4114,,Spain,25111,2011,Feb
4115,,Spain,20819,2011,Jan
4116,,Spain,31792,2010,Dec
4117,,Spain,37391,2010,Nov
4118,,Spain,49271,2010,Oct
4119,,Spain,46815,2010,Sep
4120,,Spain,59198,2010,Aug
4121,,Spain,50349,2010,Jul
4122,,Spain,42829,2010,Jun
4123,,Spain,44951,2010,May
4124,,Spain,44824,2010,Apr
4125,,Spain,39169,2010,Mar
4126,,Spain,29218,2010,Feb
4127,,Spain,22849,2010,Jan
4128,,Spain,34395,2009,Dec
4129,,Spain,37629,2009,Nov
4130,,Spain,50042,2009,Oct
4131,,Spain,49505,2009,Sep
4132,,Spain,58078,2009,Aug
4133,,Spain,52454,2009,Jul
4134,,Spain,44832,2009,Jun
4135,,Spain,46330,2009,May
4136,,Spain,44458,2009,Apr
4137,,Spain,39242,2009,Mar
4138,,Spain,31197,2009,Feb
4139,,Spain,22979,2009,Jan
4140,,Spain,38404,2008,Dec
4141,,Spain,42583,2008,Nov
4142,,Spain,48219,2008,Oct
4143,,Spain,47009,2008,Sep
4144,,Spain,64757,2008,Aug
4145,,Spain,55010,2008,Jul
4146,,Spain,48882,2008,Jun
4147,,Spain,47987,2008,May
4148,,Spain,44826,2008,Apr
4149,,Spain,48686,2008,Mar
4150,,Spain,34500,2008,Feb
4151,,Spain,28617,2008,Jan
4152,,Spain,38297,2007,Dec
4153,,Spain,49473,2007,Nov
4154,,Spain,50654,2007,Oct
4155,,Spain,52047,2007,Sep
4156,,Spain,68222,2007,Aug
4157,,Spain,55007,2007,Jul
4158,,Spain,52253,2007,Jun
4159,,Spain,47535,2007,May
4160,,Spain,52166,2007,Apr
4161,,Spain,45610,2007,Mar
4162,,Spain,33007,2007,Feb
4163,,Spain,29069,2007,Jan
4164,,Spain,32005,2006,Dec
4165,,Spain,40609,2006,Nov
4166,,Spain,48094,2006,Oct
4167,,Spain,46112,2006,Sep
4168,,Spain,62938,2006,Aug
4169,,Spain,48079,2006,Jul
4170,,Spain,45326,2006,Jun
4171,,Spain,42824,2006,May
4172,,Spain,49758,2006,Apr
4173,,Spain,42055,2006,Mar
4174,,Spain,34544,2006,Feb
4175,,Spain,28753,2006,Jan
4176,,Spain,31096,2005,Dec
4177,,Spain,37162,2005,Nov
4178,,Spain,46694,2005,Oct
4179,,Spain,53229,2005,Sep
4180,,Spain,67411,2005,Aug
4181,,Spain,53497,2005,Jul
4182,,Spain,46769,2005,Jun
4183,,Spain,47670,2005,May
4184,,Spain,41905,2005,Apr
4185,,Spain,43264,2005,Mar
4186,,Spain,28969,2005,Feb
4187,,Spain,27332,2005,Jan
4188,,Spain,30228,2004,Dec
4189,,Spain,35475,2004,Nov
4190,,Spain,49623,2004,Oct
4191,,Spain,48532,2004,Sep
4192,,Spain,63873,2004,Aug
4193,,Spain,41565,2004,Jul
4194,,Spain,41295,2004,Jun
4195,,Spain,40002,2004,May
4196,,Spain,38985,2004,Apr
4197,,Spain,35243,2004,Mar
4198,,Spain,27645,2004,Feb
4199,,Spain,23532,2004,Jan
4200,,Spain,27701,2003,Dec
4201,,Spain,31872,2003,Nov
4202,,Spain,37859,2003,Oct
4203,,Spain,40247,2003,Sep
4204,,Spain,54561,2003,Aug
4205,,Spain,38735,2003,Jul
4206,,Spain,38932,2003,Jun
4207,,Spain,38797,2003,May
4208,,Spain,34527,2003,Apr
4209,,Spain,30089,2003,Mar
4210,,Spain,28391,2003,Feb
4211,,Spain,28310,2003,Jan
4212,,Spain,20474,2002,Dec
4213,,Spain,32780,2002,Nov
4214,,Spain,39746,2002,Oct
4215,,Spain,40276,2002,Sep
4216,,Spain,50856,2002,Aug
4217,,Spain,35894,2002,Jul
4218,,Spain,35247,2002,Jun
4219,,Spain,36346,2002,May
4220,,Spain,31704,2002,Apr
4221,,Spain,27502,2002,Mar
4222,,Spain,20443,2002,Feb
4223,,Spain,17971,2002,Jan
4224,,Spain,21053,2001,Dec
4225,,Spain,25898,2001,Nov
4226,,Spain,34843,2001,Oct
4227,,Spain,38837,2001,Sep
4228,,Spain,49420,2001,Aug
4229,,Spain,38195,2001,Jul
4230,,Spain,28486,2001,Jun
4231,,Spain,29691,2001,May
4232,,Spain,31893,2001,Apr
4233,,Spain,21566,2001,Mar
4234,,Spain,16614,2001,Feb
4235,,Spain,16746,2001,Jan
4236,,Spain,16919,2000,Dec
4237,,Spain,22175,2000,Nov
4238,,Spain,28934,2000,Oct
4239,,Spain,33570,2000,Sep
4240,,Spain,43697,2000,Aug
4241,,Spain,32923,2000,Jul
4242,,Spain,25070,2000,Jun
4243,,Spain,29330,2000,May
4244,,Spain,30611,2000,Apr
4245,,Spain,18795,2000,Mar
4246,,Spain,14141,2000,Feb
4247,,Spain,13952,2000,Jan
4248,,Spain,19138,1999,Dec
4249,,Spain,19244,1999,Nov
4250,,Spain,35095,1999,Oct
4251,,Spain,35582,1999,Sep
4252,,Spain,47367,1999,Aug
4253,,Spain,29056,1999,Jul
4254,,Spain,21960,1999,Jun
4255,,Spain,18179,1999,May
4256,,Spain,17440,1999,Apr
4257,,Spain,14802,1999,Mar
4258,,Spain,14018,1999,Feb
4259,,Spain,13729,1999,Jan
4260,,Foreign,11415,2022,Aug
4261,,Foreign,7903,2022,Jul
4262,,Foreign,6576,2022,Jun
4263,,Foreign,5988,2022,May
4264,,Foreign,5893,2022,Apr
4265,,Foreign,3384,2022,Mar
4266,,Foreign,3070,2022,Feb
4267,,Foreign,2154,2022,Jan
4268,,Foreign,2430,2021,Dec
4269,,Foreign,2867,2021,Nov
4270,,Foreign,4381,2021,Oct
4271,,Foreign,4731,2021,Sep
4272,,Foreign,6060,2021,Aug
4273,,Foreign,4410,2021,Jul
4274,,Foreign,3221,2021,Jun
4275,,Foreign,1790,2021,May
4276,,Foreign,1356,2021,Apr
4277,,Foreign,841,2021,Mar
4278,,Foreign,748,2021,Feb
4279,,Foreign,753,2021,Jan
4280,,Foreign,846,2020,Dec
4281,,Foreign,681,2020,Nov
4282,,Foreign,2267,2020,Oct
4283,,Foreign,3423,2020,Sep
4284,,Foreign,4696,2020,Aug
4285,,Foreign,2963,2020,Jul
4286,,Foreign,1110,2020,Jun
4287,,Foreign,81,2020,May
4288,,Foreign,0,2020,Apr
4289,,Foreign,5316,2020,Mar
4290,,Foreign,6914,2020,Feb
4291,,Foreign,5089,2020,Jan
4292,,Foreign,6421,2019,Dec
4293,,Foreign,5932,2019,Nov
4294,,Foreign,6285,2019,Oct
4295,,Foreign,10199,2019,Sep
4296,,Foreign,11705,2019,Aug
4297,,Foreign,8221,2019,Jul
4298,,Foreign,8909,2019,Jun
4299,,Foreign,8672,2019,May
4300,,Foreign,6890,2019,Apr
4301,,Foreign,7085,2019,Mar
4302,,Foreign,4948,2019,Feb
4303,,Foreign,5110,2019,Jan
4304,,Foreign,6207,2018,Dec
4305,,Foreign,5226,2018,Nov
4306,,Foreign,7823,2018,Oct
4307,,Foreign,9256,2018,Sep
4308,,Foreign,10392,2018,Aug
4309,,Foreign,10600,2018,Jul
4310,,Foreign,6902,2018,Jun
4311,,Foreign,8200,2018,May
4312,,Foreign,5901,2018,Apr
4313,,Foreign,4746,2018,Mar
4314,,Foreign,5541,2018,Feb
4315,,Foreign,3184,2018,Jan
4316,,Foreign,3862,2017,Dec
4317,,Foreign,3709,2017,Nov
4318,,Foreign,6229,2017,Oct
4319,,Foreign,8647,2017,Sep
4320,,Foreign,9836,2017,Aug
4321,,Foreign,7951,2017,Jul
4322,,Foreign,7610,2017,Jun
4323,,Foreign,6011,2017,May
4324,,Foreign,7551,2017,Apr
4325,,Foreign,5487,2017,Mar
4326,,Foreign,4141,2017,Feb
4327,,Foreign,3480,2017,Jan
4328,,Foreign,3554,2016,Dec
4329,,Foreign,3565,2016,Nov
4330,,Foreign,5055,2016,Oct
4331,,Foreign,7839,2016,Sep
4332,,Foreign,8801,2016,Aug
4333,,Foreign,7522,2016,Jul
4334,,Foreign,5518,2016,Jun
4335,,Foreign,4989,2016,May
4336,,Foreign,9330,2016,Apr
4337,,Foreign,7537,2016,Mar
4338,,Foreign,4289,2016,Feb
4339,,Foreign,3566,2016,Jan
4340,,Foreign,4101,2015,Dec
4341,,Foreign,2970,2015,Nov
4342,,Foreign,4075,2015,Oct
4343,,Foreign,6646,2015,Sep
4344,,Foreign,10009,2015,Aug
4345,,Foreign,5925,2015,Jul
4346,,Foreign,5039,2015,Jun
4347,,Foreign,5495,2015,May
4348,,Foreign,4275,2015,Apr
4349,,Foreign,4560,2015,Mar
4350,,Foreign,3227,2015,Feb
4351,,Foreign,1965,2015,Jan
4352,,Foreign,2820,2014,Dec
4353,,Foreign,2490,2014,Nov
4354,,Foreign,4129,2014,Oct
4355,,Foreign,6155,2014,Sep
4356,,Foreign,7482,2014,Aug
4357,,Foreign,4235,2014,Jul
4358,,Foreign,4361,2014,Jun
4359,,Foreign,5314,2014,May
4360,,Foreign,4204,2014,Apr
4361,,Foreign,2950,2014,Mar
4362,,Foreign,3346,2014,Feb
4363,,Foreign,2657,2014,Jan
4364,,Foreign,3141,2013,Dec
4365,,Foreign,3440,2013,Nov
4366,,Foreign,4202,2013,Oct
4367,,Foreign,6267,2013,Sep
4368,,Foreign,7607,2013,Aug
4369,,Foreign,4990,2013,Jul
4370,,Foreign,4923,2013,Jun
4371,,Foreign,5622,2013,May
4372,,Foreign,3914,2013,Apr
4373,,Foreign,3572,2013,Mar
4374,,Foreign,2590,2013,Feb
4375,,Foreign,2356,2013,Jan
4376,,Foreign,3422,2012,Dec
4377,,Foreign,3260,2012,Nov
4378,,Foreign,4559,2012,Oct
4379,,Foreign,6458,2012,Sep
4380,,Foreign,7013,2012,Aug
4381,,Foreign,4922,2012,Jul
4382,,Foreign,4317,2012,Jun
4383,,Foreign,4916,2012,May
4384,,Foreign,3202,2012,Apr
4385,,Foreign,3556,2012,Mar
4386,,Foreign,2647,2012,Feb
4387,,Foreign,2245,2012,Jan
4388,,Foreign,3039,2011,Dec
4389,,Foreign,3312,2011,Nov
4390,,Foreign,3839,2011,Oct
4391,,Foreign,5923,2011,Sep
4392,,Foreign,6514,2011,Aug
4393,,Foreign,5453,2011,Jul
4394,,Foreign,4628,2011,Jun
4395,,Foreign,4409,2011,May
4396,,Foreign,3967,2011,Apr
4397,,Foreign,3449,2011,Mar
4398,,Foreign,3346,2011,Feb
4399,,Foreign,3141,2011,Jan
4400,,Foreign,2441,2010,Dec
4401,,Foreign,2600,2010,Nov
4402,,Foreign,5088,2010,Oct
4403,,Foreign,5381,2010,Sep
4404,,Foreign,6723,2010,Aug
4405,,Foreign,4771,2010,Jul
4406,,Foreign,4789,2010,Jun
4407,,Foreign,5282,2010,May
4408,,Foreign,3581,2010,Apr
4409,,Foreign,3484,2010,Mar
4410,,Foreign,2907,2010,Feb
4411,,Foreign,4974,2010,Jan
4412,,Foreign,2825,2009,Dec
4413,,Foreign,4499,2009,Nov
4414,,Foreign,4904,2009,Oct
4415,,Foreign,4335,2009,Sep
4416,,Foreign,5412,2009,Aug
4417,,Foreign,4359,2009,Jul
4418,,Foreign,5236,2009,Jun
4419,,Foreign,4243,2009,May
4420,,Foreign,2694,2009,Apr
4421,,Foreign,2734,2009,Mar
4422,,Foreign,3372,2009,Feb
4423,,Foreign,4288,2009,Jan
4424,,Foreign,2681,2008,Dec
4425,,Foreign,3342,2008,Nov
4426,,Foreign,4633,2008,Oct
4427,,Foreign,8272,2008,Sep
4428,,Foreign,7213,2008,Aug
4429,,Foreign,5950,2008,Jul
4430,,Foreign,5492,2008,Jun
4431,,Foreign,8344,2008,May
4432,,Foreign,6699,2008,Apr
4433,,Foreign,6018,2008,Mar
4434,,Foreign,4935,2008,Feb
4435,,Foreign,3476,2008,Jan
4436,,Foreign,3132,2007,Dec
4437,,Foreign,3696,2007,Nov
4438,,Foreign,4437,2007,Oct
4439,,Foreign,4231,2007,Sep
4440,,Foreign,7122,2007,Aug
4441,,Foreign,4039,2007,Jul
4442,,Foreign,3206,2007,Jun
4443,,Foreign,4491,2007,May
4444,,Foreign,3808,2007,Apr
4445,,Foreign,2933,2007,Mar
4446,,Foreign,3033,2007,Feb
4447,,Foreign,2368,2007,Jan
4448,,Foreign,3031,2006,Dec
4449,,Foreign,2830,2006,Nov
4450,,Foreign,3762,2006,Oct
4451,,Foreign,5211,2006,Sep
4452,,Foreign,4624,2006,Aug
4453,,Foreign,4677,2006,Jul
4454,,Foreign,4320,2006,Jun
4455,,Foreign,3692,2006,May
4456,,Foreign,3607,2006,Apr
4457,,Foreign,3175,2006,Mar
4458,,Foreign,3781,2006,Feb
4459,,Foreign,4070,2006,Jan
4460,,Foreign,4386,2005,Dec
4461,,Foreign,3603,2005,Nov
4462,,Foreign,5446,2005,Oct
4463,,Foreign,5643,2005,Sep
4464,,Foreign,6836,2005,Aug
4465,,Foreign,6256,2005,Jul
4466,,Foreign,4413,2005,Jun
4467,,Foreign,4715,2005,May
4468,,Foreign,3308,2005,Apr
4469,,Foreign,2517,2005,Mar
4470,,Foreign,3036,2005,Feb
4471,,Foreign,2840,2005,Jan
4472,,Foreign,4824,2004,Dec
4473,,Foreign,4064,2004,Nov
4474,,Foreign,5918,2004,Oct
4475,,Foreign,5737,2004,Sep
4476,,Foreign,7105,2004,Aug
4477,,Foreign,7153,2004,Jul
4478,,Foreign,5423,2004,Jun
4479,,Foreign,3531,2004,May
4480,,Foreign,2945,2004,Apr
4481,,Foreign,2817,2004,Mar
4482,,Foreign,3817,2004,Feb
4483,,Foreign,4040,2004,Jan
4484,,Foreign,4716,2003,Dec
4485,,Foreign,3612,2003,Nov
4486,,Foreign,4013,2003,Oct
4487,,Foreign,3619,2003,Sep
4488,,Foreign,5904,2003,Aug
4489,,Foreign,3318,2003,Jul
4490,,Foreign,4402,2003,Jun
4491,,Foreign,4529,2003,May
4492,,Foreign,2601,2003,Apr
4493,,Foreign,3494,2003,Mar
4494,,Foreign,3339,2003,Feb
4495,,Foreign,3385,2003,Jan
4496,,Foreign,2366,2002,Dec
4497,,Foreign,1717,2002,Nov
4498,,Foreign,2915,2002,Oct
4499,,Foreign,3551,2002,Sep
4500,,Foreign,5708,2002,Aug
4501,,Foreign,4495,2002,Jul
4502,,Foreign,3101,2002,Jun
4503,,Foreign,2472,2002,May
4504,,Foreign,2893,2002,Apr
4505,,Foreign,1800,2002,Mar
4506,,Foreign,2462,2002,Feb
4507,,Foreign,1518,2002,Jan
4508,,Foreign,2168,2001,Dec
4509,,Foreign,1967,2001,Nov
4510,,Foreign,2055,2001,Oct
4511,,Foreign,3105,2001,Sep
4512,,Foreign,3604,2001,Aug
4513,,Foreign,3177,2001,Jul
4514,,Foreign,2688,2001,Jun
4515,,Foreign,1484,2001,May
4516,,Foreign,2356,2001,Apr
4517,,Foreign,1317,2001,Mar
4518,,Foreign,1385,2001,Feb
4519,,Foreign,1047,2001,Jan
4520,,Foreign,2116,2000,Dec
4521,,Foreign,1156,2000,Nov
4522,,Foreign,1220,2000,Oct
4523,,Foreign,2228,2000,Sep
4524,,Foreign,2067,2000,Aug
4525,,Foreign,1437,2000,Jul
4526,,Foreign,1611,2000,Jun
4527,,Foreign,1004,2000,May
4528,,Foreign,1425,2000,Apr
4529,,Foreign,874,2000,Mar
4530,,Foreign,629,2000,Feb
4531,,Foreign,727,2000,Jan
4532,,Foreign,1204,1999,Dec
4533,,Foreign,1235,1999,Nov
4534,,Foreign,1237,1999,Oct
4535,,Foreign,2505,1999,Sep
4536,,Foreign,3727,1999,Aug
4537,,Foreign,2035,1999,Jul
4538,,Foreign,2069,1999,Jun
4539,,Foreign,1237,1999,May
4540,,Foreign,791,1999,Apr
4541,,Foreign,1230,1999,Mar
4542,,Foreign,292,1999,Feb
4543,,Foreign,656,1999,Jan
5112,Pontevedra,Spain,574524,2022,Aug
5113,Pontevedra,Spain,469929,2022,Jul
5114,Pontevedra,Spain,249952,2022,Jun
5115,Pontevedra,Spain,176446,2022,May
5116,Pontevedra,Spain,176009,2022,Apr
5117,Pontevedra,Spain,99335,2022,Mar
5118,Pontevedra,Spain,76558,2022,Feb
5119,Pontevedra,Spain,55379,2022,Jan
5120,Pontevedra,Spain,135154,2021,Dec
5121,Pontevedra,Spain,123266,2021,Nov
5122,Pontevedra,Spain,214539,2021,Oct
5123,Pontevedra,Spain,300856,2021,Sep
5124,Pontevedra,Spain,582620,2021,Aug
5125,Pontevedra,Spain,423887,2021,Jul
5126,Pontevedra,Spain,166315,2021,Jun
5127,Pontevedra,Spain,80553,2021,May
5128,Pontevedra,Spain,49995,2021,Apr
5129,Pontevedra,Spain,49062,2021,Mar
5130,Pontevedra,Spain,26272,2021,Feb
5131,Pontevedra,Spain,27351,2021,Jan
5132,Pontevedra,Spain,29696,2020,Dec
5133,Pontevedra,Spain,34346,2020,Nov
5134,Pontevedra,Spain,84310,2020,Oct
5135,Pontevedra,Spain,162323,2020,Sep
5136,Pontevedra,Spain,396215,2020,Aug
5137,Pontevedra,Spain,271180,2020,Jul
5138,Pontevedra,Spain,43555,2020,Jun
5139,Pontevedra,Spain,6318,2020,May
5140,Pontevedra,Spain,0,2020,Apr
5141,Pontevedra,Spain,41233,2020,Mar
5142,Pontevedra,Spain,90457,2020,Feb
5143,Pontevedra,Spain,87581,2020,Jan
5144,Pontevedra,Spain,152264,2019,Dec
5145,Pontevedra,Spain,136397,2019,Nov
5146,Pontevedra,Spain,219033,2019,Oct
5147,Pontevedra,Spain,320443,2019,Sep
5148,Pontevedra,Spain,588862,2019,Aug
5149,Pontevedra,Spain,451833,2019,Jul
5150,Pontevedra,Spain,246253,2019,Jun
5151,Pontevedra,Spain,182361,2019,May
5152,Pontevedra,Spain,182240,2019,Apr
5153,Pontevedra,Spain,124565,2019,Mar
5154,Pontevedra,Spain,85205,2019,Feb
5155,Pontevedra,Spain,80593,2019,Jan
5156,Pontevedra,Spain,118677,2018,Dec
5157,Pontevedra,Spain,138817,2018,Nov
5158,Pontevedra,Spain,233360,2018,Oct
5159,Pontevedra,Spain,316528,2018,Sep
5160,Pontevedra,Spain,583127,2018,Aug
5161,Pontevedra,Spain,430926,2018,Jul
5162,Pontevedra,Spain,246574,2018,Jun
5163,Pontevedra,Spain,162415,2018,May
5164,Pontevedra,Spain,154878,2018,Apr
5165,Pontevedra,Spain,135020,2018,Mar
5166,Pontevedra,Spain,77701,2018,Feb
5167,Pontevedra,Spain,88749,2018,Jan
5168,Pontevedra,Spain,110600,2017,Dec
5169,Pontevedra,Spain,132070,2017,Nov
5170,Pontevedra,Spain,247956,2017,Oct
5171,Pontevedra,Spain,329829,2017,Sep
5172,Pontevedra,Spain,632316,2017,Aug
5173,Pontevedra,Spain,487168,2017,Jul
5174,Pontevedra,Spain,261853,2017,Jun
5175,Pontevedra,Spain,153980,2017,May
5176,Pontevedra,Spain,193059,2017,Apr
5177,Pontevedra,Spain,107408,2017,Mar
5178,Pontevedra,Spain,82078,2017,Feb
5179,Pontevedra,Spain,78672,2017,Jan
5180,Pontevedra,Spain,101431,2016,Dec
5181,Pontevedra,Spain,116326,2016,Nov
5182,Pontevedra,Spain,220959,2016,Oct
5183,Pontevedra,Spain,298219,2016,Sep
5184,Pontevedra,Spain,553626,2016,Aug
5185,Pontevedra,Spain,449339,2016,Jul
5186,Pontevedra,Spain,225168,2016,Jun
5187,Pontevedra,Spain,144495,2016,May
5188,Pontevedra,Spain,123248,2016,Apr
5189,Pontevedra,Spain,137889,2016,Mar
5190,Pontevedra,Spain,78842,2016,Feb
5191,Pontevedra,Spain,66172,2016,Jan
5192,Pontevedra,Spain,84750,2015,Dec
5193,Pontevedra,Spain,100361,2015,Nov
5194,Pontevedra,Spain,206823,2015,Oct
5195,Pontevedra,Spain,262314,2015,Sep
5196,Pontevedra,Spain,531976,2015,Aug
5197,Pontevedra,Spain,390651,2015,Jul
5198,Pontevedra,Spain,211663,2015,Jun
5199,Pontevedra,Spain,143645,2015,May
5200,Pontevedra,Spain,133793,2015,Apr
5201,Pontevedra,Spain,112337,2015,Mar
5202,Pontevedra,Spain,67627,2015,Feb
5203,Pontevedra,Spain,61269,2015,Jan
5204,Pontevedra,Spain,77574,2014,Dec
5205,Pontevedra,Spain,98987,2014,Nov
5206,Pontevedra,Spain,188072,2014,Oct
5207,Pontevedra,Spain,249126,2014,Sep
5208,Pontevedra,Spain,491314,2014,Aug
5209,Pontevedra,Spain,331117,2014,Jul
5210,Pontevedra,Spain,183830,2014,Jun
5211,Pontevedra,Spain,143815,2014,May
5212,Pontevedra,Spain,131861,2014,Apr
5213,Pontevedra,Spain,93053,2014,Mar
5214,Pontevedra,Spain,65762,2014,Feb
5215,Pontevedra,Spain,54532,2014,Jan
5216,Pontevedra,Spain,80564,2013,Dec
5217,Pontevedra,Spain,107874,2013,Nov
5218,Pontevedra,Spain,176245,2013,Oct
5219,Pontevedra,Spain,253175,2013,Sep
5220,Pontevedra,Spain,489030,2013,Aug
5221,Pontevedra,Spain,332642,2013,Jul
5222,Pontevedra,Spain,171353,2013,Jun
5223,Pontevedra,Spain,137786,2013,May
5224,Pontevedra,Spain,111708,2013,Apr
5225,Pontevedra,Spain,112710,2013,Mar
5226,Pontevedra,Spain,63042,2013,Feb
5227,Pontevedra,Spain,61511,2013,Jan
5228,Pontevedra,Spain,76190,2012,Dec
5229,Pontevedra,Spain,105136,2012,Nov
5230,Pontevedra,Spain,183778,2012,Oct
5231,Pontevedra,Spain,250568,2012,Sep
5232,Pontevedra,Spain,453965,2012,Aug
5233,Pontevedra,Spain,318450,2012,Jul
5234,Pontevedra,Spain,189607,2012,Jun
5235,Pontevedra,Spain,146079,2012,May
5236,Pontevedra,Spain,155024,2012,Apr
5237,Pontevedra,Spain,113101,2012,Mar
5238,Pontevedra,Spain,81742,2012,Feb
5239,Pontevedra,Spain,66838,2012,Jan
5240,Pontevedra,Spain,91781,2011,Dec
5241,Pontevedra,Spain,110976,2011,Nov
5242,Pontevedra,Spain,221181,2011,Oct
5243,Pontevedra,Spain,277071,2011,Sep
5244,Pontevedra,Spain,481684,2011,Aug
5245,Pontevedra,Spain,378957,2011,Jul
5246,Pontevedra,Spain,223466,2011,Jun
5247,Pontevedra,Spain,178089,2011,May
5248,Pontevedra,Spain,180204,2011,Apr
5249,Pontevedra,Spain,106263,2011,Mar
5250,Pontevedra,Spain,78070,2011,Feb
5251,Pontevedra,Spain,63833,2011,Jan
5252,Pontevedra,Spain,96765,2010,Dec
5253,Pontevedra,Spain,117241,2010,Nov
5254,Pontevedra,Spain,260842,2010,Oct
5255,Pontevedra,Spain,355149,2010,Sep
5256,Pontevedra,Spain,535192,2010,Aug
5257,Pontevedra,Spain,403013,2010,Jul
5258,Pontevedra,Spain,268000,2010,Jun
5259,Pontevedra,Spain,211559,2010,May
5260,Pontevedra,Spain,194305,2010,Apr
5261,Pontevedra,Spain,126313,2010,Mar
5262,Pontevedra,Spain,74370,2010,Feb
5263,Pontevedra,Spain,66816,2010,Jan
5264,Pontevedra,Spain,86942,2009,Dec
5265,Pontevedra,Spain,112410,2009,Nov
5266,Pontevedra,Spain,227537,2009,Oct
5267,Pontevedra,Spain,286733,2009,Sep
5268,Pontevedra,Spain,511443,2009,Aug
5269,Pontevedra,Spain,376287,2009,Jul
5270,Pontevedra,Spain,222076,2009,Jun
5271,Pontevedra,Spain,171568,2009,May
5272,Pontevedra,Spain,162871,2009,Apr
5273,Pontevedra,Spain,118000,2009,Mar
5274,Pontevedra,Spain,79256,2009,Feb
5275,Pontevedra,Spain,69024,2009,Jan
5276,Pontevedra,Spain,95023,2008,Dec
5277,Pontevedra,Spain,128996,2008,Nov
5278,Pontevedra,Spain,231287,2008,Oct
5279,Pontevedra,Spain,292240,2008,Sep
5280,Pontevedra,Spain,503383,2008,Aug
5281,Pontevedra,Spain,369935,2008,Jul
5282,Pontevedra,Spain,222881,2008,Jun
5283,Pontevedra,Spain,190366,2008,May
5284,Pontevedra,Spain,143545,2008,Apr
5285,Pontevedra,Spain,173405,2008,Mar
5286,Pontevedra,Spain,98360,2008,Feb
5287,Pontevedra,Spain,92215,2008,Jan
5288,Pontevedra,Spain,106934,2007,Dec
5289,Pontevedra,Spain,137771,2007,Nov
5290,Pontevedra,Spain,238005,2007,Oct
5291,Pontevedra,Spain,306417,2007,Sep
5292,Pontevedra,Spain,543017,2007,Aug
5293,Pontevedra,Spain,395414,2007,Jul
5294,Pontevedra,Spain,230804,2007,Jun
5295,Pontevedra,Spain,162964,2007,May
5296,Pontevedra,Spain,198985,2007,Apr
5297,Pontevedra,Spain,130173,2007,Mar
5298,Pontevedra,Spain,88945,2007,Feb
5299,Pontevedra,Spain,92812,2007,Jan
5300,Pontevedra,Spain,113063,2006,Dec
5301,Pontevedra,Spain,131406,2006,Nov
5302,Pontevedra,Spain,204889,2006,Oct
5303,Pontevedra,Spain,295978,2006,Sep
5304,Pontevedra,Spain,563321,2006,Aug
5305,Pontevedra,Spain,454524,2006,Jul
5306,Pontevedra,Spain,238971,2006,Jun
5307,Pontevedra,Spain,172141,2006,May
5308,Pontevedra,Spain,201912,2006,Apr
5309,Pontevedra,Spain,126179,2006,Mar
5310,Pontevedra,Spain,97612,2006,Feb
5311,Pontevedra,Spain,96600,2006,Jan
5312,Pontevedra,Spain,102118,2005,Dec
5313,Pontevedra,Spain,121775,2005,Nov
5314,Pontevedra,Spain,201324,2005,Oct
5315,Pontevedra,Spain,320762,2005,Sep
5316,Pontevedra,Spain,597429,2005,Aug
5317,Pontevedra,Spain,451292,2005,Jul
5318,Pontevedra,Spain,222141,2005,Jun
5319,Pontevedra,Spain,162934,2005,May
5320,Pontevedra,Spain,131547,2005,Apr
5321,Pontevedra,Spain,149115,2005,Mar
5322,Pontevedra,Spain,84211,2005,Feb
5323,Pontevedra,Spain,76254,2005,Jan
5324,Pontevedra,Spain,104200,2004,Dec
5325,Pontevedra,Spain,133377,2004,Nov
5326,Pontevedra,Spain,249622,2004,Oct
5327,Pontevedra,Spain,381842,2004,Sep
5328,Pontevedra,Spain,577055,2004,Aug
5329,Pontevedra,Spain,425292,2004,Jul
5330,Pontevedra,Spain,302033,2004,Jun
5331,Pontevedra,Spain,213991,2004,May
5332,Pontevedra,Spain,183207,2004,Apr
5333,Pontevedra,Spain,125567,2004,Mar
5334,Pontevedra,Spain,84666,2004,Feb
5335,Pontevedra,Spain,85731,2004,Jan
5336,Pontevedra,Spain,84880,2003,Dec
5337,Pontevedra,Spain,111051,2003,Nov
5338,Pontevedra,Spain,178393,2003,Oct
5339,Pontevedra,Spain,304057,2003,Sep
5340,Pontevedra,Spain,569613,2003,Aug
5341,Pontevedra,Spain,355133,2003,Jul
5342,Pontevedra,Spain,209630,2003,Jun
5343,Pontevedra,Spain,156648,2003,May
5344,Pontevedra,Spain,129093,2003,Apr
5345,Pontevedra,Spain,105877,2003,Mar
5346,Pontevedra,Spain,74665,2003,Feb
5347,Pontevedra,Spain,74182,2003,Jan
5348,Pontevedra,Spain,89377,2002,Dec
5349,Pontevedra,Spain,115325,2002,Nov
5350,Pontevedra,Spain,190010,2002,Oct
5351,Pontevedra,Spain,272605,2002,Sep
5352,Pontevedra,Spain,518829,2002,Aug
5353,Pontevedra,Spain,326052,2002,Jul
5354,Pontevedra,Spain,187584,2002,Jun
5355,Pontevedra,Spain,148677,2002,May
5356,Pontevedra,Spain,129985,2002,Apr
5357,Pontevedra,Spain,148144,2002,Mar
5358,Pontevedra,Spain,75335,2002,Feb
5359,Pontevedra,Spain,62895,2002,Jan
5360,Pontevedra,Spain,81246,2001,Dec
5361,Pontevedra,Spain,104870,2001,Nov
5362,Pontevedra,Spain,161997,2001,Oct
5363,Pontevedra,Spain,264629,2001,Sep
5364,Pontevedra,Spain,493707,2001,Aug
5365,Pontevedra,Spain,322995,2001,Jul
5366,Pontevedra,Spain,164210,2001,Jun
5367,Pontevedra,Spain,120948,2001,May
5368,Pontevedra,Spain,132786,2001,Apr
5369,Pontevedra,Spain,102053,2001,Mar
5370,Pontevedra,Spain,71267,2001,Feb
5371,Pontevedra,Spain,64582,2001,Jan
5372,Pontevedra,Spain,69547,2000,Dec
5373,Pontevedra,Spain,102625,2000,Nov
5374,Pontevedra,Spain,149540,2000,Oct
5375,Pontevedra,Spain,283407,2000,Sep
5376,Pontevedra,Spain,482438,2000,Aug
5377,Pontevedra,Spain,350345,2000,Jul
5378,Pontevedra,Spain,160734,2000,Jun
5379,Pontevedra,Spain,116455,2000,May
5380,Pontevedra,Spain,127891,2000,Apr
5381,Pontevedra,Spain,85592,2000,Mar
5382,Pontevedra,Spain,80254,2000,Feb
5383,Pontevedra,Spain,71107,2000,Jan
5384,Pontevedra,Spain,88458,1999,Dec
5385,Pontevedra,Spain,94586,1999,Nov
5386,Pontevedra,Spain,176107,1999,Oct
5387,Pontevedra,Spain,351135,1999,Sep
5388,Pontevedra,Spain,480053,1999,Aug
5389,Pontevedra,Spain,367554,1999,Jul
5390,Pontevedra,Spain,239895,1999,Jun
5391,Pontevedra,Spain,174990,1999,May
5392,Pontevedra,Spain,143865,1999,Apr
5393,Pontevedra,Spain,110300,1999,Mar
5394,Pontevedra,Spain,62342,1999,Feb
5395,Pontevedra,Spain,57522,1999,Jan
5396,Pontevedra,Foreign,115779,2022,Aug
5397,Pontevedra,Foreign,88987,2022,Jul
5398,Pontevedra,Foreign,76996,2022,Jun
5399,Pontevedra,Foreign,66677,2022,May
5400,Pontevedra,Foreign,47817,2022,Apr
5401,Pontevedra,Foreign,23284,2022,Mar
5402,Pontevedra,Foreign,15090,2022,Feb
5403,Pontevedra,Foreign,12675,2022,Jan
5404,Pontevedra,Foreign,14420,2021,Dec
5405,Pontevedra,Foreign,16227,2021,Nov
5406,Pontevedra,Foreign,46159,2021,Oct
5407,Pontevedra,Foreign,55584,2021,Sep
5408,Pontevedra,Foreign,71517,2021,Aug
5409,Pontevedra,Foreign,41194,2021,Jul
5410,Pontevedra,Foreign,35833,2021,Jun
5411,Pontevedra,Foreign,11872,2021,May
5412,Pontevedra,Foreign,5232,2021,Apr
5413,Pontevedra,Foreign,5103,2021,Mar
5414,Pontevedra,Foreign,5110,2021,Feb
5415,Pontevedra,Foreign,7136,2021,Jan
5416,Pontevedra,Foreign,4502,2020,Dec
5417,Pontevedra,Foreign,5415,2020,Nov
5418,Pontevedra,Foreign,11349,2020,Oct
5419,Pontevedra,Foreign,17684,2020,Sep
5420,Pontevedra,Foreign,36850,2020,Aug
5421,Pontevedra,Foreign,26114,2020,Jul
5422,Pontevedra,Foreign,5287,2020,Jun
5423,Pontevedra,Foreign,1775,2020,May
5424,Pontevedra,Foreign,0,2020,Apr
5425,Pontevedra,Foreign,10867,2020,Mar
5426,Pontevedra,Foreign,20564,2020,Feb
5427,Pontevedra,Foreign,16658,2020,Jan
5428,Pontevedra,Foreign,21169,2019,Dec
5429,Pontevedra,Foreign,24483,2019,Nov
5430,Pontevedra,Foreign,57785,2019,Oct
5431,Pontevedra,Foreign,110802,2019,Sep
5432,Pontevedra,Foreign,119542,2019,Aug
5433,Pontevedra,Foreign,98407,2019,Jul
5434,Pontevedra,Foreign,95687,2019,Jun
5435,Pontevedra,Foreign,71819,2019,May
5436,Pontevedra,Foreign,61041,2019,Apr
5437,Pontevedra,Foreign,28567,2019,Mar
5438,Pontevedra,Foreign,16823,2019,Feb
5439,Pontevedra,Foreign,18137,2019,Jan
5440,Pontevedra,Foreign,25799,2018,Dec
5441,Pontevedra,Foreign,21950,2018,Nov
5442,Pontevedra,Foreign,57456,2018,Oct
5443,Pontevedra,Foreign,95521,2018,Sep
5444,Pontevedra,Foreign,112926,2018,Aug
5445,Pontevedra,Foreign,83337,2018,Jul
5446,Pontevedra,Foreign,72243,2018,Jun
5447,Pontevedra,Foreign,54414,2018,May
5448,Pontevedra,Foreign,45690,2018,Apr
5449,Pontevedra,Foreign,28263,2018,Mar
5450,Pontevedra,Foreign,20129,2018,Feb
5451,Pontevedra,Foreign,17934,2018,Jan
5452,Pontevedra,Foreign,20994,2017,Dec
5453,Pontevedra,Foreign,19557,2017,Nov
5454,Pontevedra,Foreign,55688,2017,Oct
5455,Pontevedra,Foreign,82170,2017,Sep
5456,Pontevedra,Foreign,109789,2017,Aug
5457,Pontevedra,Foreign,87951,2017,Jul
5458,Pontevedra,Foreign,69202,2017,Jun
5459,Pontevedra,Foreign,52452,2017,May
5460,Pontevedra,Foreign,43986,2017,Apr
5461,Pontevedra,Foreign,20989,2017,Mar
5462,Pontevedra,Foreign,17617,2017,Feb
5463,Pontevedra,Foreign,15795,2017,Jan
5464,Pontevedra,Foreign,17544,2016,Dec
5465,Pontevedra,Foreign,21701,2016,Nov
5466,Pontevedra,Foreign,46681,2016,Oct
5467,Pontevedra,Foreign,73963,2016,Sep
5468,Pontevedra,Foreign,95442,2016,Aug
5469,Pontevedra,Foreign,80147,2016,Jul
5470,Pontevedra,Foreign,58712,2016,Jun
5471,Pontevedra,Foreign,36962,2016,May
5472,Pontevedra,Foreign,29769,2016,Apr
5473,Pontevedra,Foreign,17758,2016,Mar
5474,Pontevedra,Foreign,13970,2016,Feb
5475,Pontevedra,Foreign,13473,2016,Jan
5476,Pontevedra,Foreign,15576,2015,Dec
5477,Pontevedra,Foreign,15528,2015,Nov
5478,Pontevedra,Foreign,34032,2015,Oct
5479,Pontevedra,Foreign,52020,2015,Sep
5480,Pontevedra,Foreign,74501,2015,Aug
5481,Pontevedra,Foreign,59266,2015,Jul
5482,Pontevedra,Foreign,43726,2015,Jun
5483,Pontevedra,Foreign,33066,2015,May
5484,Pontevedra,Foreign,25085,2015,Apr
5485,Pontevedra,Foreign,15254,2015,Mar
5486,Pontevedra,Foreign,12501,2015,Feb
5487,Pontevedra,Foreign,12520,2015,Jan
5488,Pontevedra,Foreign,14166,2014,Dec
5489,Pontevedra,Foreign,15250,2014,Nov
5490,Pontevedra,Foreign,26652,2014,Oct
5491,Pontevedra,Foreign,50900,2014,Sep
5492,Pontevedra,Foreign,75693,2014,Aug
5493,Pontevedra,Foreign,50570,2014,Jul
5494,Pontevedra,Foreign,41509,2014,Jun
5495,Pontevedra,Foreign,35533,2014,May
5496,Pontevedra,Foreign,21219,2014,Apr
5497,Pontevedra,Foreign,16906,2014,Mar
5498,Pontevedra,Foreign,9401,2014,Feb
5499,Pontevedra,Foreign,9133,2014,Jan
5500,Pontevedra,Foreign,12350,2013,Dec
5501,Pontevedra,Foreign,12290,2013,Nov
5502,Pontevedra,Foreign,28177,2013,Oct
5503,Pontevedra,Foreign,50112,2013,Sep
5504,Pontevedra,Foreign,71489,2013,Aug
5505,Pontevedra,Foreign,47287,2013,Jul
5506,Pontevedra,Foreign,40073,2013,Jun
5507,Pontevedra,Foreign,28806,2013,May
5508,Pontevedra,Foreign,19555,2013,Apr
5509,Pontevedra,Foreign,22175,2013,Mar
5510,Pontevedra,Foreign,13656,2013,Feb
5511,Pontevedra,Foreign,11259,2013,Jan
5512,Pontevedra,Foreign,16553,2012,Dec
5513,Pontevedra,Foreign,17383,2012,Nov
5514,Pontevedra,Foreign,30077,2012,Oct
5515,Pontevedra,Foreign,49037,2012,Sep
5516,Pontevedra,Foreign,70936,2012,Aug
5517,Pontevedra,Foreign,51176,2012,Jul
5518,Pontevedra,Foreign,35048,2012,Jun
5519,Pontevedra,Foreign,28037,2012,May
5520,Pontevedra,Foreign,25589,2012,Apr
5521,Pontevedra,Foreign,15734,2012,Mar
5522,Pontevedra,Foreign,13379,2012,Feb
5523,Pontevedra,Foreign,14673,2012,Jan
5524,Pontevedra,Foreign,15877,2011,Dec
5525,Pontevedra,Foreign,18922,2011,Nov
5526,Pontevedra,Foreign,32757,2011,Oct
5527,Pontevedra,Foreign,43457,2011,Sep
5528,Pontevedra,Foreign,71795,2011,Aug
5529,Pontevedra,Foreign,48253,2011,Jul
5530,Pontevedra,Foreign,48831,2011,Jun
5531,Pontevedra,Foreign,34661,2011,May
5532,Pontevedra,Foreign,28128,2011,Apr
5533,Pontevedra,Foreign,17920,2011,Mar
5534,Pontevedra,Foreign,15599,2011,Feb
5535,Pontevedra,Foreign,15421,2011,Jan
5536,Pontevedra,Foreign,16800,2010,Dec
5537,Pontevedra,Foreign,16581,2010,Nov
5538,Pontevedra,Foreign,35886,2010,Oct
5539,Pontevedra,Foreign,46017,2010,Sep
5540,Pontevedra,Foreign,69139,2010,Aug
5541,Pontevedra,Foreign,57108,2010,Jul
5542,Pontevedra,Foreign,45103,2010,Jun
5543,Pontevedra,Foreign,31129,2010,May
5544,Pontevedra,Foreign,31316,2010,Apr
5545,Pontevedra,Foreign,20972,2010,Mar
5546,Pontevedra,Foreign,18539,2010,Feb
5547,Pontevedra,Foreign,14646,2010,Jan
5548,Pontevedra,Foreign,16678,2009,Dec
5549,Pontevedra,Foreign,17781,2009,Nov
5550,Pontevedra,Foreign,36910,2009,Oct
5551,Pontevedra,Foreign,45831,2009,Sep
5552,Pontevedra,Foreign,59092,2009,Aug
5553,Pontevedra,Foreign,49495,2009,Jul
5554,Pontevedra,Foreign,37330,2009,Jun
5555,Pontevedra,Foreign,31447,2009,May
5556,Pontevedra,Foreign,26363,2009,Apr
5557,Pontevedra,Foreign,23384,2009,Mar
5558,Pontevedra,Foreign,19907,2009,Feb
5559,Pontevedra,Foreign,20504,2009,Jan
5560,Pontevedra,Foreign,21242,2008,Dec
5561,Pontevedra,Foreign,22147,2008,Nov
5562,Pontevedra,Foreign,36944,2008,Oct
5563,Pontevedra,Foreign,48466,2008,Sep
5564,Pontevedra,Foreign,68640,2008,Aug
5565,Pontevedra,Foreign,54546,2008,Jul
5566,Pontevedra,Foreign,43399,2008,Jun
5567,Pontevedra,Foreign,37014,2008,May
5568,Pontevedra,Foreign,29992,2008,Apr
5569,Pontevedra,Foreign,30517,2008,Mar
5570,Pontevedra,Foreign,25113,2008,Feb
5571,Pontevedra,Foreign,22369,2008,Jan
5572,Pontevedra,Foreign,26950,2007,Dec
5573,Pontevedra,Foreign,26330,2007,Nov
5574,Pontevedra,Foreign,43186,2007,Oct
5575,Pontevedra,Foreign,54732,2007,Sep
5576,Pontevedra,Foreign,67959,2007,Aug
5577,Pontevedra,Foreign,60126,2007,Jul
5578,Pontevedra,Foreign,56397,2007,Jun
5579,Pontevedra,Foreign,35823,2007,May
5580,Pontevedra,Foreign,37110,2007,Apr
5581,Pontevedra,Foreign,31017,2007,Mar
5582,Pontevedra,Foreign,27559,2007,Feb
5583,Pontevedra,Foreign,23105,2007,Jan
5584,Pontevedra,Foreign,23799,2006,Dec
5585,Pontevedra,Foreign,21654,2006,Nov
5586,Pontevedra,Foreign,36998,2006,Oct
5587,Pontevedra,Foreign,50374,2006,Sep
5588,Pontevedra,Foreign,70481,2006,Aug
5589,Pontevedra,Foreign,60592,2006,Jul
5590,Pontevedra,Foreign,47003,2006,Jun
5591,Pontevedra,Foreign,36154,2006,May
5592,Pontevedra,Foreign,32664,2006,Apr
5593,Pontevedra,Foreign,21945,2006,Mar
5594,Pontevedra,Foreign,21906,2006,Feb
5595,Pontevedra,Foreign,17562,2006,Jan
5596,Pontevedra,Foreign,25872,2005,Dec
5597,Pontevedra,Foreign,32865,2005,Nov
5598,Pontevedra,Foreign,39087,2005,Oct
5599,Pontevedra,Foreign,48238,2005,Sep
5600,Pontevedra,Foreign,73898,2005,Aug
5601,Pontevedra,Foreign,60011,2005,Jul
5602,Pontevedra,Foreign,48175,2005,Jun
5603,Pontevedra,Foreign,30195,2005,May
5604,Pontevedra,Foreign,27588,2005,Apr
5605,Pontevedra,Foreign,18300,2005,Mar
5606,Pontevedra,Foreign,16786,2005,Feb
5607,Pontevedra,Foreign,16118,2005,Jan
5608,Pontevedra,Foreign,17150,2004,Dec
5609,Pontevedra,Foreign,16098,2004,Nov
5610,Pontevedra,Foreign,37669,2004,Oct
5611,Pontevedra,Foreign,46750,2004,Sep
5612,Pontevedra,Foreign,66224,2004,Aug
5613,Pontevedra,Foreign,53952,2004,Jul
5614,Pontevedra,Foreign,61905,2004,Jun
5615,Pontevedra,Foreign,26223,2004,May
5616,Pontevedra,Foreign,20961,2004,Apr
5617,Pontevedra,Foreign,16829,2004,Mar
5618,Pontevedra,Foreign,23118,2004,Feb
5619,Pontevedra,Foreign,14915,2004,Jan
5620,Pontevedra,Foreign,16969,2003,Dec
5621,Pontevedra,Foreign,22201,2003,Nov
5622,Pontevedra,Foreign,28941,2003,Oct
5623,Pontevedra,Foreign,53489,2003,Sep
5624,Pontevedra,Foreign,75016,2003,Aug
5625,Pontevedra,Foreign,45921,2003,Jul
5626,Pontevedra,Foreign,30917,2003,Jun
5627,Pontevedra,Foreign,24136,2003,May
5628,Pontevedra,Foreign,21966,2003,Apr
5629,Pontevedra,Foreign,14596,2003,Mar
5630,Pontevedra,Foreign,12070,2003,Feb
5631,Pontevedra,Foreign,12664,2003,Jan
5632,Pontevedra,Foreign,21449,2002,Dec
5633,Pontevedra,Foreign,18563,2002,Nov
5634,Pontevedra,Foreign,26921,2002,Oct
5635,Pontevedra,Foreign,44527,2002,Sep
5636,Pontevedra,Foreign,65043,2002,Aug
5637,Pontevedra,Foreign,48598,2002,Jul
5638,Pontevedra,Foreign,34593,2002,Jun
5639,Pontevedra,Foreign,28293,2002,May
5640,Pontevedra,Foreign,21793,2002,Apr
5641,Pontevedra,Foreign,19869,2002,Mar
5642,Pontevedra,Foreign,15906,2002,Feb
5643,Pontevedra,Foreign,10999,2002,Jan
5644,Pontevedra,Foreign,19763,2001,Dec
5645,Pontevedra,Foreign,14225,2001,Nov
5646,Pontevedra,Foreign,29258,2001,Oct
5647,Pontevedra,Foreign,42802,2001,Sep
5648,Pontevedra,Foreign,61507,2001,Aug
5649,Pontevedra,Foreign,49459,2001,Jul
5650,Pontevedra,Foreign,38205,2001,Jun
5651,Pontevedra,Foreign,26231,2001,May
5652,Pontevedra,Foreign,19798,2001,Apr
5653,Pontevedra,Foreign,13103,2001,Mar
5654,Pontevedra,Foreign,17370,2001,Feb
5655,Pontevedra,Foreign,9061,2001,Jan
5656,Pontevedra,Foreign,18117,2000,Dec
5657,Pontevedra,Foreign,14691,2000,Nov
5658,Pontevedra,Foreign,23685,2000,Oct
5659,Pontevedra,Foreign,44980,2000,Sep
5660,Pontevedra,Foreign,64438,2000,Aug
5661,Pontevedra,Foreign,56875,2000,Jul
5662,Pontevedra,Foreign,34706,2000,Jun
5663,Pontevedra,Foreign,19765,2000,May
5664,Pontevedra,Foreign,21077,2000,Apr
5665,Pontevedra,Foreign,17787,2000,Mar
5666,Pontevedra,Foreign,10869,2000,Feb
5667,Pontevedra,Foreign,8820,2000,Jan
5668,Pontevedra,Foreign,10980,1999,Dec
5669,Pontevedra,Foreign,13758,1999,Nov
5670,Pontevedra,Foreign,23623,1999,Oct
5671,Pontevedra,Foreign,37864,1999,Sep
5672,Pontevedra,Foreign,50116,1999,Aug
5673,Pontevedra,Foreign,43636,1999,Jul
5674,Pontevedra,Foreign,34777,1999,Jun
5675,Pontevedra,Foreign,19954,1999,May
5676,Pontevedra,Foreign,12832,1999,Apr
5677,Pontevedra,Foreign,8842,1999,Mar
5678,Pontevedra,Foreign,8982,1999,Feb
5679,Pontevedra,Foreign,7165,1999,Jan
